s_m,x_m,y_m,z_m,yaw_rad,curvature_1pm
0.0,29.871564865112305,-64.40917205810547,0.0,3.141183858362466,0.0
1.0000000817526564,28.871564865112305,-64.40876770019531,0.0,3.141183858362466,0.0
2.0000001666194223,27.871564865112305,-64.40835571289062,0.0,3.141183858362466,0.0
3.0000002483720785,26.871564865112305,-64.40795135498047,0.0,3.141183858362466,0.0
3.9999965185419026,25.87156867980957,-64.40753936767578,0.0,3.141183858362466,0.0
4.999996600294559,24.87156867980957,-64.40713500976562,0.0,3.141183858362466,0.0
5.999996685161325,23.87156867980957,-64.40672302246094,0.0,3.141183858362466,0.0
6.999996770028091,22.87156867980957,-64.40631103515625,0.0,3.141183858362466,0.0
7.999996851780748,21.87156867980957,-64.4059066772461,0.0,3.141183858362466,0.0
8.999996936647513,20.87156867980957,-64.4054946899414,0.0,3.141183858362466,0.0
9.999997018400169,19.87156867980957,-64.40509033203125,0.0,3.141183858362466,0.0
10.999997103266935,18.87156867980957,-64.40467834472656,0.0,3.141183858362466,0.0
11.999997185019591,17.87156867980957,-64.4042739868164,0.0,3.141183858362466,0.0
12.999997269886357,16.87156867980957,-64.40386199951172,0.0,3.141183858362466,0.0
13.999997351639013,15.87156867980957,-64.40345764160156,0.0,3.141183858362466,0.0
14.99999743650578,14.87156867980957,-64.40304565429688,0.0,3.141183858362466,0.0
15.999997518258436,13.87156867980957,-64.40264129638672,0.0,3.141183858362466,0.0
16.999997603125202,12.87156867980957,-64.40222930908203,0.0,3.141183858362466,0.0
17.999997687991968,11.87156867980957,-64.40181732177734,0.0,3.141183858362466,0.0
18.999997769744624,10.87156867980957,-64.40141296386719,0.0,3.141183858362466,0.0
19.99999785461139,9.87156867980957,-64.4010009765625,0.0,3.141183858362466,0.0
20.999997936364046,8.87156867980957,-64.40059661865234,0.0,3.141183858362466,0.0
21.999997544393693,7.8715691566467285,-64.40018463134766,0.0,3.141183858362466,0.0009095341999566272
22.997220448315687,6.8743462562561035,-64.4002685546875,0.0,3.143000400542009,0.0026075057799052896
23.991312469692218,5.880259037017822,-64.40335845947266,0.0,3.1463762235397934,0.0033957514114926306
24.985404759043014,4.886187553405762,-64.4097900390625,0.0,3.149751780221469,0.0033957520767048098
25.979496390943403,3.892143964767456,-64.41956329345703,0.0,3.1531276032192532,0.003395752425029041
26.97358847635335,2.898138999938965,-64.43272399902344,0.0,3.156503159900929,0.0022257169253914566
27.971736807681,1.9001151323318481,-64.448486328125,0.0,-3.125623540745351,0.0005297937975402974
28.971736695944927,0.9002427458763123,-64.4644546508789,0.0,-3.125623540745351,0.0
29.97173667360442,-0.0996297299861908,-64.48042297363281,0.0,-3.125623540745351,0.0
30.971736889652092,-1.099502444267273,-64.49639129638672,0.0,-3.125623540745351,-0.0006373816525419608
31.973970012572416,-2.101614236831665,-64.5119857788086,0.0,-3.1268997275397172,-0.0016334283276407114
32.97746968954028,-3.105020046234131,-64.52571105957031,0.0,-3.1288997615183667,-0.0019930592311071093
33.980969049463525,-4.108450889587402,-64.53743743896484,0.0,-3.130899795497016,-0.0011366354949279938
34.98145574356452,-5.108882904052734,-64.54789733886719,0.0,-3.1311775631987113,-0.00013880444322925174
35.982113214826995,-6.109486103057861,-64.55831909179688,0.0,3.152007743980875,0.0
36.982114037475526,-7.109432697296143,-64.56873321533203,0.0,3.152007743980875,0.0
37.98211342969016,-8.10937786102295,-64.57914733886719,0.0,3.152007743980875,0.0
38.98211425233869,-9.10932445526123,-64.58956146240234,0.0,3.152007743980875,0.0
39.98211316774202,-10.109269142150879,-64.5999755859375,0.0,3.152007743980875,0.0
40.98211399039055,-11.10921573638916,-64.61038970947266,0.0,3.152007743980875,0.0
41.982113938899055,-12.109161376953125,-64.62081146240234,0.0,3.152007743980875,0.0
42.98211380792499,-13.10910701751709,-64.6312255859375,0.0,3.152007743980875,0.0
43.982113676950924,-14.109052658081055,-64.64163970947266,0.0,3.152007743980875,0.0
44.98211354597686,-15.10899829864502,-64.65205383300781,0.0,3.152007743980875,0.0
45.98211341500279,-16.108943939208984,-64.66246795654297,0.0,3.152007743980875,0.0
46.982114237651324,-17.108890533447266,-64.67288208007812,0.0,3.152007743980875,0.0
47.982113153054655,-18.108835220336914,-64.68329620361328,0.0,3.152007743980875,0.0
48.98211206845799,-19.108779907226562,-64.69371032714844,0.0,3.152007743980875,0.0
49.98211289110652,-20.108726501464844,-64.7041244506836,0.0,3.152007743980875,0.0
50.98211371375505,-21.108673095703125,-64.71453857421875,0.0,3.152007743980875,0.0
51.98211262915838,-22.108617782592773,-64.7249526977539,0.0,3.152007743980875,0.0
52.98211345180691,-23.108564376831055,-64.73536682128906,0.0,3.152007743980875,0.0
53.98211244669289,-24.108509063720703,-64.74578857421875,0.0,3.152007743980875,0.0
54.98211326934142,-25.108455657958984,-64.7562026977539,0.0,3.152007743980875,0.0
55.98211218474475,-26.108400344848633,-64.76661682128906,0.0,3.152007743980875,0.0
56.98211300739328,-27.108346939086914,-64.77703094482422,0.0,3.152007743980875,0.0
57.98211192279661,-28.108291625976562,-64.78744506835938,0.0,-3.1311775631987113,0.0
58.98211274544514,-29.108238220214844,-64.79785919189453,0.0,-3.1311775631987113,0.0
59.98211356809367,-30.108184814453125,-64.80827331542969,0.0,-3.1311775631987113,0.0
60.982114390742204,-31.108131408691406,-64.81868743896484,0.0,-3.1311775631987113,0.0
61.98211139890034,-32.10807418823242,-64.8291015625,0.0,-3.1311775631987113,0.0
62.98211603603927,-33.10802459716797,-64.83951568603516,0.0,-3.1311775631987113,0.0
63.982113044197405,-34.107967376708984,-64.84992980957031,0.0,-3.1311775631987113,0.0
64.98211394632843,-35.107913970947266,-64.8603515625,0.0,-3.1311775631987113,0.0
65.98211095448656,-36.10785675048828,-64.87076568603516,0.0,-3.1311775631987113,0.0
66.98211177713509,-37.10780334472656,-64.88117980957031,0.0,-3.1311775631987113,0.0
67.98211259978362,-38.107749938964844,-64.89159393310547,0.0,-3.1311775631987113,0.0
68.98211342243215,-39.107696533203125,-64.90200805664062,0.0,-3.1311775631987113,0.0
69.98211424508068,-40.107643127441406,-64.91242218017578,0.0,-3.1311775631987113,0.0
70.98211506772921,-41.10758972167969,-64.92283630371094,0.0,-3.1311775631987113,0.0
71.98211589037774,-42.10753631591797,-64.9332504272461,0.0,-3.1311775631987113,0.0
72.98211289853587,-43.107479095458984,-64.94366455078125,0.0,-3.1311775631987113,0.0
73.9821137211844,-44.107425689697266,-64.9540786743164,0.0,-3.1311775631987113,0.0
74.98211072934254,-45.10736846923828,-64.96449279785156,0.0,-3.1311775631987113,0.0
75.98211163147356,-46.10731506347656,-64.97491455078125,0.0,-3.1311775631987113,0.0
76.98211245412209,-47.107261657714844,-64.9853286743164,0.0,-3.1311775631987113,0.0
77.98211327677062,-48.107208251953125,-64.99574279785156,0.0,-3.1311775631987113,0.0
78.98211409941915,-49.107154846191406,-65.00615692138672,0.0,-3.1311775631987113,0.0
79.98211492206768,-50.10710144042969,-65.01657104492188,0.0,-3.1311775631987113,0.0
80.98211193022581,-51.1070442199707,-65.02698516845703,0.0,-3.1311775631987113,0.0
81.98211275287434,-52.106990814208984,-65.03739929199219,0.0,-3.1311775631987113,0.0
82.98211357552287,-53.106937408447266,-65.04781341552734,0.0,-3.1311775631987113,0.0
83.9821143981714,-54.10688400268555,-65.0582275390625,0.0,-3.1311775631987113,0.0
84.98211140632954,-55.10682678222656,-65.06864166259766,0.0,-3.1311775631987113,0.0
85.98211222897807,-56.106773376464844,-65.07905578613281,0.0,-3.1311775631987113,0.0
86.98211313110909,-57.106719970703125,-65.0894775390625,0.0,-3.1311775631987113,0.0
87.98211395375762,-58.106666564941406,-65.09989166259766,0.0,-3.1311775631987113,0.0
88.98211477640615,-59.10661315917969,-65.11030578613281,0.0,-3.1311775631987113,0.0
89.98211178456428,-60.1065559387207,-65.12071990966797,0.0,-3.1311775631987113,0.0
90.98211260721281,-61.106502532958984,-65.13113403320312,0.0,-3.1311775631987113,0.0
91.98211342986134,-62.106449127197266,-65.14154815673828,0.0,-3.1311775631987113,0.0
92.98211425250987,-63.10639572143555,-65.15196228027344,0.0,-3.1311775631987113,0.0
93.982111260668,-64.10633850097656,-65.1623764038086,0.0,-3.1311775631987113,0.0
94.98211208331654,-65.10628509521484,-65.17279052734375,0.0,-3.1311775631987113,0.0
95.98211290596507,-66.10623168945312,-65.1832046508789,0.0,-3.1311775631987113,0.0
96.9821060996328,-67.10617065429688,-65.19361877441406,0.0,3.152007743980875,0.0
97.98210692228133,-68.10611724853516,-65.20403289794922,0.0,3.152007743980875,0.0
98.98210782441235,-69.10606384277344,-65.2144546508789,0.0,3.152007743980875,0.0
99.98210864706088,-70.10601043701172,-65.22486877441406,0.0,3.152007743980875,-0.008901725045957744
101.01373587820427,-71.13762664794922,-65.2296371459961,0.0,3.133922749650365,-0.02249954707850631
102.06403235201189,-72.18766784667969,-65.20648193359375,0.0,3.1051654035674714,-0.027380272969229173
103.11431485761456,-73.2365951538086,-65.15314483642578,0.0,3.0764083238006865,-0.02738037190776289
104.1646037410138,-74.28356170654297,-65.06967163085938,0.0,3.047650977717793,-0.027380374860609787
105.21489574661216,-75.32769775390625,-64.95612335205078,0.0,3.0188936316348993,-0.027380380544733136
106.26518419393416,-76.36813354492188,-64.8125991821289,0.0,2.9901362855520057,-0.02738050242596077
107.31546684903483,-77.40400695800781,-64.63922119140625,0.0,2.961378939469112,-0.02738043676441423
108.36576033377638,-78.43447875976562,-64.4361343383789,0.0,2.9326215933862185,-0.027380234528768407
109.41604877755147,-79.45867919921875,-64.20349884033203,0.0,2.903864513619434,-0.027380356322040056
110.46633291848673,-80.47576141357422,-63.941505432128906,0.0,2.8751071675365405,-0.027380420883588386
111.51662613574179,-81.48490142822266,-63.65038299560547,0.0,2.846349821453647,-0.027380393330050875
112.56691239053775,-82.48524475097656,-63.330360412597656,0.0,2.817592475370753,-0.02738046286479488
113.61720027321331,-83.4759750366211,-62.98170852661133,0.0,2.7888351292878593,-0.027380376366656602
114.66749316399373,-84.4562759399414,-62.604713439941406,0.0,2.7600777832049657,-0.02738019411952845
115.71778530188763,-85.42533111572266,-62.19968795776367,0.0,2.7313207034381812,-0.02738021517947898
116.76807657696793,-86.38233947753906,-61.7669677734375,0.0,2.7025633573552876,-0.027380461626454515
117.81835953436213,-87.32649993896484,-61.306907653808594,0.0,2.673806011272394,-0.027380451364608305
118.86865159671103,-88.25704956054688,-60.81988525390625,0.0,2.6450486651895004,-0.027380396033066225
119.9189387990422,-89.17321014404297,-60.30631637573242,0.0,2.616291319106607,-0.027380290554731825
120.96922922698526,-90.07422637939453,-59.7666130065918,0.0,2.587534239339822,-0.027380233170251247
122.01952083178281,-90.9593505859375,-59.20122146606445,0.0,2.5587768932569284,-0.02738042763565876
123.06980606716884,-91.82785034179688,-58.61062240600586,0.0,2.5300195471740348,-0.0273804703637337
124.12009439395095,-92.67900848388672,-57.99528884887695,0.0,2.501262201091141,-0.02738047488259894
125.17037928265896,-93.51212310791016,-57.355743408203125,0.0,2.4725048550082476,-0.02738032367000901
126.22067921022125,-94.3265151977539,-56.69249725341797,0.0,2.443747508925354,-0.02738034928309678
127.27096213392645,-95.1214828491211,-56.0061149597168,0.0,2.4149901628424604,-0.027380294892597686
128.32125650770053,-95.89640045166016,-55.297157287597656,0.0,2.3862330830756755,-0.02738026593528024
129.3715416529723,-96.65059661865234,-54.56620788574219,0.0,2.357475736992782,-0.027380453802496835
130.42183134041358,-97.38347625732422,-53.813880920410156,0.0,2.3287183909098883,-0.027380337779076846
131.4721253868128,-98.09442138671875,-53.04078674316406,0.0,2.2999610448269947,-0.027380284536432854
132.52240943240338,-98.7828369140625,-52.24757766723633,0.0,2.2712039650602103,-0.02444055719736635
133.56142787877033,-99.44342041015625,-51.445587158203125,0.0,2.2488973277697064,-0.02121612187267576
134.5994899251585,-100.08577728271484,-50.63014221191406,0.0,2.22713637218656,-0.0209631386923335
135.63755039854664,-100.71024322509766,-49.80091857910156,0.0,2.205375283445359,-0.020963156871977244
136.67561699648624,-101.31652069091797,-48.95829772949219,0.0,2.183614194704158,-0.020963180785241977
137.71367510158032,-101.90430450439453,-48.102684020996094,0.0,2.161853105962957,-0.020963267362429594
138.7517331252345,-102.47333526611328,-47.2344856262207,0.0,2.140092017221756,-0.020963192017387475
139.78979869221973,-103.02335357666016,-46.35411071777344,0.0,2.118330928480555,-0.020963115075184897
140.82786433599722,-103.5540771484375,-45.461971282958984,0.0,2.096569839739354,-0.02096311874836154
141.8659231871854,-104.06526184082031,-44.558502197265625,0.0,2.074808884156208,-0.020963294750146362
142.90397775238173,-104.55665588378906,-43.64412307739258,0.0,2.0530476622569522,-0.020963301387351207
143.94204229821037,-105.0280532836914,-42.71926498413086,0.0,2.0312865735157515,-0.020963173525727123
144.98010317437422,-105.47920227050781,-41.784366607666016,0.0,2.0095254847745503,-0.0209631827140871
146.0181668102176,-105.90991973876953,-40.83987808227539,0.0,1.9877643960333493,-0.020963121597958354
147.05622738712438,-106.3199691772461,-39.88623809814453,0.0,1.966003440450203,-0.020963221437322523
148.0942874872103,-106.70916748046875,-38.92390060424805,0.0,1.9442422185509474,-0.020963262992765897
149.1323503005981,-107.07735443115234,-37.95332717895508,0.0,1.9224811298097464,-0.020963159590997076
150.17041428925464,-107.42431640625,-36.9749641418457,0.0,1.9007200410685454,-0.0209631073847035
151.208475920987,-107.74991607666016,-35.989288330078125,0.0,1.878959085485399,-0.020963149747868202
152.24653571412654,-108.05398559570312,-34.996761322021484,0.0,1.857197996744198,-0.020963222914587566
153.2845964516768,-108.33638763427734,-33.99785232543945,0.0,1.835436908002997,-0.020963277715992133
154.3226571694682,-108.59698486328125,-32.99303436279297,0.0,1.8136756861037415,-0.020963219958148965
155.36071727516145,-108.83565521240234,-31.982784271240234,0.0,1.7919147305205951,-0.020963123411749374
156.39878120258598,-109.05229949951172,-30.967578887939453,0.0,1.7701536417793942,-0.020963204213743633
157.43683965791573,-109.24678802490234,-29.94790267944336,0.0,1.7483925530381932,-0.020963209691546147
158.474903042838,-109.41905212402344,-28.924232482910156,0.0,1.7266314642969922,-0.020963175012436858
159.51296493266926,-109.5689926147461,-27.897056579589844,0.0,1.7048703755557912,-0.02096319862842674
160.55102597874267,-109.6965560913086,-26.866863250732422,0.0,1.6831092868145903,-0.020963202295563043
161.58908750539345,-109.80166625976562,-25.834136962890625,0.0,1.6613481980733893,-0.020963211181420686
162.62714767144283,-109.88428497314453,-24.79936981201172,0.0,1.6395871093321883,-0.020963144159851847
163.66520948368427,-109.94436645507812,-23.76304817199707,0.0,1.617826153749042,-0.02096318882336253
164.7032715784077,-109.98188018798828,-22.725664138793945,0.0,1.5960649318497864,-0.017366308522729006
165.72786517341672,-109.99807739257812,-21.70119857788086,0.0,1.5820054386649856,-0.006944353751323478
166.7278650378238,-110.00928497314453,-20.701261520385742,0.0,1.5820054386649856,0.0
167.72786498776702,-110.02050018310547,-19.701324462890625,0.0,1.5820054386649856,0.0
168.7278648521741,-110.03170776367188,-18.701387405395508,0.0,1.5820054386649856,0.0
169.72786471658117,-110.04291534423828,-17.70145034790039,0.0,1.5820054386649856,0.0
170.72786648821707,-110.05412292480469,-16.70151138305664,0.0,1.5820054386649856,0.0
171.72786539900972,-110.0653305053711,-15.70157527923584,0.0,1.5820054386649856,0.0
172.7278652634168,-110.0765380859375,-14.701638221740723,0.0,1.5820054386649856,0.0
173.72786521336002,-110.08775329589844,-13.701701164245605,0.0,1.5820054386649856,0.0
174.7278650777671,-110.09896087646484,-12.701764106750488,0.0,1.5820054386649856,0.0
175.72786494217416,-110.11016845703125,-11.701827049255371,0.0,1.5820054386649856,0.0
176.72786480658124,-110.12137603759766,-10.701889991760254,0.0,1.5820054386649856,0.0
177.7278656246027,-110.13258361816406,-9.70195198059082,0.0,1.5820054386649856,0.0
178.7278654890098,-110.14379119873047,-8.702014923095703,0.0,1.5820054386649856,0.0
179.72786448533867,-110.1550064086914,-7.702078819274902,0.0,1.5820054386649856,0.0
180.72786482655295,-110.16621398925781,-6.702141284942627,0.0,1.5820054386649856,0.0
181.72786469096002,-110.17742156982422,-5.70220422744751,0.0,1.5820054386649856,0.0
182.7278645553671,-110.18862915039062,-4.702267169952393,0.0,1.5820054386649856,0.0
183.72786489658137,-110.19983673095703,-3.702329635620117,0.0,1.5820054386649856,0.0
184.72786476098844,-110.21104431152344,-2.702392578125,0.0,1.5820054386649856,3.328951668025664e-07
185.72786471093167,-110.22225952148438,-1.7024555206298828,0.0,-4.701179202724329,3.3289511288358483e-07
186.72786489927847,-110.23347473144531,-0.7025182247161865,0.0,-4.701179202724329,-3.3293793816349197e-07
187.72760758970244,-110.24467468261719,0.297161728143692,0.0,1.5820054386649856,-3.329379970578364e-07
188.72760742430907,-110.2558822631836,1.2970987558364868,0.0,1.5820054386649856,0.0
189.72760740791793,-110.26708984375,2.2970359325408936,0.0,1.5820054386649856,0.0
190.727607272325,-110.2782974243164,3.2969729900360107,0.0,1.5820054386649856,0.0
191.72760698386466,-110.28951263427734,4.296909809112549,0.0,1.5820054386649856,0.0
192.72760684827173,-110.30072021484375,5.296846866607666,0.0,1.5820054386649856,0.0
193.727607189486,-110.31192779541016,6.296784400939941,0.0,1.5820054386649856,0.0
194.72760705389308,-110.32313537597656,7.296721458435059,0.0,1.5820054386649856,0.0
195.72760787191456,-110.33434295654297,8.296659469604492,0.0,1.5820054386649856,0.0
196.72760773632163,-110.34555053710938,9.29659652709961,0.0,1.5820054386649856,0.0
197.72760768626486,-110.35676574707031,10.296533584594727,0.0,1.5820054386649856,0.0
198.72760755067193,-110.36797332763672,11.296470642089844,0.0,1.5820054386649856,0.0
199.727607415079,-110.37918090820312,12.296407699584961,0.0,1.5820054386649856,0.0
200.72760727948608,-110.39038848876953,13.296344757080078,0.0,1.5820054386649856,-0.02683392579811589
201.8259517228409,-110.38139343261719,14.394652366638184,0.0,1.5256986232116039,-0.0630987783163681
202.97525535314514,-110.28054809570312,15.539523124694824,0.0,1.4401815911319604,-0.07440762697544043
204.12456103362754,-110.08228302001953,16.671598434448242,0.0,1.354664559052317,-0.07440755448410753
205.2738669033449,-109.78804779052734,17.782602310180664,0.0,1.2691475269726735,-0.07440770600897247
206.4231696924769,-109.4000015258789,18.86441421508789,0.0,1.1836303617349755,-0.07440774425049787
207.57247438083468,-108.92096710205078,19.909128189086914,0.0,1.098113329655332,-0.07440754648847542
208.7217797001019,-108.35445404052734,20.90911102294922,0.0,1.0125964307337432,-0.07440759757729579
209.87108459979268,-107.70459747314453,21.8570499420166,0.0,0.9270792654960452,-0.07440761321683301
211.02038943592117,-106.97615051269531,22.74601936340332,0.0,0.8415623665744564,-0.07440773733457624
212.16969229092945,-106.1744384765625,23.569520950317383,0.0,0.756045068178704,-0.07102658454347158
213.30355152430587,-105.3189468383789,24.313678741455078,0.0,0.6793971614773514,-0.0646119306686836
214.4241035216496,-104.4234390258789,24.987253189086914,0.0,0.610383206040711,-0.06158958428612018
215.54465194908346,-103.4836196899414,25.59747314453125,0.0,0.5413687179718526,-0.06158938987615195
216.665211020572,-102.50394439697266,26.141429901123047,0.0,0.4723547625352122,-0.06158916714477012
217.7857632286847,-101.48909759521484,26.616533279418945,0.0,0.4033405407824628,-0.06158959298393164
218.9063111288567,-100.44390869140625,27.020523071289062,0.0,0.3343263190297134,-0.06158946324749977
220.02686373372916,-99.37334442138672,27.351476669311523,0.0,0.265312363593073,-0.061589211577970475
221.14742079162042,-98.28250122070312,27.60781478881836,0.0,0.19629814184032354,-0.06158952795966148
222.26796620809625,-97.17658996582031,27.788320541381836,0.0,0.12728392008757414,-0.061589526124947475
223.38852333274858,-96.06085205078125,27.892133712768555,0.0,0.058269698334824725,-0.05614693432991064
224.48545464788555,-94.96427917480469,27.92017364501953,0.0,0.002778742281388677,-0.026462982055540967
225.48545087995285,-93.96428680419922,27.92295265197754,0.0,0.002778742281388677,0.0
226.48545474138524,-92.96428680419922,27.925731658935547,0.0,0.002778742281388677,0.0
227.48545096815383,-91.96429443359375,27.928508758544922,0.0,0.002778742281388677,0.0
228.48545482958622,-90.96429443359375,27.93128776550293,0.0,0.002778742281388677,0.0
229.48574098282737,-89.9640121459961,27.93406867980957,0.0,0.002778742281388677,0.0
230.48573721489467,-88.96401977539062,27.936847686767578,0.0,0.002778742281388677,-1.1040154614351143e-07
231.48574107102834,-87.96401977539062,27.939624786376953,0.0,0.0027785214782865796,-1.1040154614351143e-07
232.48573730309565,-86.96402740478516,27.94240379333496,0.0,0.0027785214782865796,0.0
233.48574116452804,-85.96402740478516,27.94518280029297,0.0,0.0027785214782865796,0.0
234.48573739659534,-84.96403503417969,27.947961807250977,0.0,0.0027785214782865796,0.0
235.485741252729,-83.96403503417969,27.95073890686035,0.0,0.0027785214782865796,0.0
236.48573748479632,-82.96404266357422,27.95351791381836,0.0,0.0027785214782865796,0.0
237.4857413462287,-81.96404266357422,27.956296920776367,0.0,0.0027785214782865796,0.0
238.485737578296,-80.96405029296875,27.959075927734375,0.0,0.0027785214782865796,0.0
239.48574143442968,-79.96405029296875,27.96185302734375,0.0,0.0027785214782865796,0.0
240.485737666497,-78.96405792236328,27.964632034301758,0.0,0.0027785214782865796,0.0
241.4857338985643,-77.96406555175781,27.967411041259766,0.0,0.0027785214782865796,0.0
242.48573775999668,-76.96406555175781,27.970190048217773,0.0,0.0027785214782865796,0.0
243.48573398676527,-75.96407318115234,27.97296714782715,0.0,0.0027785214782865796,0.0
244.48573784819766,-74.96407318115234,27.975746154785156,0.0,0.0027785214782865796,0.0
245.48573408026496,-73.96408081054688,27.978525161743164,0.0,0.0027785214782865796,0.0
246.48573794169735,-72.96408081054688,27.981304168701172,0.0,0.0027785214782865796,0.0
247.48573416846594,-71.9640884399414,27.984081268310547,0.0,0.0027785214782865796,0.0
248.48573802989833,-70.9640884399414,27.986860275268555,0.0,0.0027785214782865796,0.0
249.48573426196563,-69.96409606933594,27.989639282226562,0.0,0.0027785214782865796,0.0
250.48573812339802,-68.96409606933594,27.99241828918457,0.0,0.0027785214782865796,0.0
251.4857343501666,-67.96410369873047,27.995195388793945,0.0,0.0027785214782865796,0.0
252.485738211599,-66.96410369873047,27.997974395751953,0.0,0.0027785214782865796,0.0
253.4857344436663,-65.964111328125,28.00075340270996,0.0,0.0027785214782865796,0.0
254.4857383050987,-64.964111328125,28.00353240966797,0.0,0.0027785214782865796,0.0
255.48574216123237,-63.964111328125,28.006309509277344,0.0,0.0027785214782865796,0.0
256.4857422079822,-62.964115142822266,28.00908851623535,0.0,0.0027785214782865796,0.0
257.48574225473203,-61.96411895751953,28.01186752319336,0.0,0.0027785214782865796,0.0
258.4857423014819,-60.9641227722168,28.014646530151367,0.0,0.0027785214782865796,0.0
259.485742342933,-59.96412658691406,28.017423629760742,0.0,0.0027785214782865796,0.0
260.48574238968285,-58.96413040161133,28.02020263671875,0.0,0.0027785214782865796,0.0
261.4857424364327,-57.964134216308594,28.022981643676758,0.0,0.0027785214782865796,0.0
262.48574248318255,-56.96413803100586,28.025760650634766,0.0,0.0027785214782865796,0.0
263.4857425246337,-55.964141845703125,28.02853775024414,0.0,0.0027785214782865796,0.0
264.4857425713835,-54.96414566040039,28.03131675720215,0.0,0.0027785214782865796,0.0
265.4857426181334,-53.964149475097656,28.034095764160156,0.0,0.0027785214782865796,0.0
266.4857426648832,-52.96415328979492,28.036874771118164,0.0,0.0027785214782865796,0.0
267.48574270633435,-51.96415710449219,28.03965187072754,0.0,0.0027785214782865796,0.0
268.4857427530842,-50.96416091918945,28.042430877685547,0.0,0.0027785214782865796,0.0
269.4857389851515,-49.964168548583984,28.045209884643555,0.0,0.0027785214782865796,0.0
270.4857428465839,-48.964168548583984,28.047988891601562,0.0,0.0027785214782865796,0.0
271.4857390733525,-47.964176177978516,28.050765991210938,0.0,0.0027785214782865796,0.0
272.48574293478487,-46.964176177978516,28.053544998168945,0.0,0.0027785214782865796,0.0
273.48573916685217,-45.96418380737305,28.056324005126953,0.0,0.0027785214782865796,0.0
274.48574302828456,-44.96418380737305,28.05910301208496,0.0,0.0027785214782865796,0.0
275.48573925505315,-43.96419143676758,28.061880111694336,0.0,0.0027785214782865796,0.0
276.48574311648554,-42.96419143676758,28.064659118652344,0.0,0.0027785214782865796,0.0
277.48573934855284,-41.96419906616211,28.06743812561035,0.0,0.0027785214782865796,0.0
278.48574320998523,-40.96419906616211,28.07021713256836,0.0,0.0027785214782865796,0.0
279.4857394367538,-39.96420669555664,28.072994232177734,0.0,0.0027785214782865796,0.0
280.4857432981862,-38.96420669555664,28.075773239135742,0.0,0.0027785214782865796,0.0
281.4857395302535,-37.96421432495117,28.07855224609375,0.0,0.0027785214782865796,0.0
282.4857433916859,-36.96421432495117,28.081331253051758,0.0,0.0027785214782865796,0.0
283.4857396184545,-35.9642219543457,28.084108352661133,0.0,0.0027785214782865796,0.0
284.4857434798869,-34.9642219543457,28.08688735961914,0.0,0.0027785214782865796,0.0
285.4857435266367,-33.96422576904297,28.08966636657715,0.0,0.0027785214782865796,0.0
286.48574356808786,-32.964229583740234,28.092443466186523,0.0,0.0027785214782865796,0.0
287.48574170749646,-31.964235305786133,28.09522247314453,0.0,0.0027785214782865796,0.0
288.4857417542463,-30.9642391204834,28.09800148010254,0.0,0.0027785214782865796,0.0
289.48574180099615,-29.964242935180664,28.100780487060547,0.0,0.0027785214782865796,0.0
290.48573802776474,-28.964250564575195,28.103557586669922,0.0,0.0027785214782865796,0.0
291.48573998185583,-27.964252471923828,28.10633659362793,0.0,0.0027785214782865796,0.0
292.48574002330696,-26.964256286621094,28.109113693237305,0.0,0.0027785214782865796,0.0
293.4857400700568,-25.96426010131836,28.111892700195312,0.0,0.0027785214782865796,0.0
294.48574011680665,-24.964263916015625,28.11467170715332,0.0,0.0027785214782865796,0.0
295.4857401635565,-23.96426773071289,28.117450714111328,0.0,0.0027785214782865796,0.0
296.48574020500763,-22.964271545410156,28.120227813720703,0.0,0.0027785214782865796,0.0
297.4857402517575,-21.964275360107422,28.12300682067871,0.0,0.0027785214782865796,0.0
298.4857402985073,-20.964279174804688,28.12578582763672,0.0,0.0027785214782865796,0.0
299.48574034525717,-19.964282989501953,28.128564834594727,0.0,0.0027785214782865796,0.0
300.4857403867083,-18.96428680419922,28.1313419342041,0.0,0.0027785214782865796,0.0
301.48574043345815,-17.964290618896484,28.13412094116211,0.0,0.0027785214782865796,0.0
302.485740480208,-16.96429443359375,28.136899948120117,0.0,0.0027785214782865796,0.0
303.48574052695784,-15.964298248291016,28.139678955078125,0.0,0.0027785214782865796,0.0
304.48574056840897,-14.964302062988281,28.1424560546875,0.0,0.0027785214782865796,0.0
305.4857406151588,-13.964305877685547,28.145235061645508,0.0,0.0027785214782865796,0.0
306.48574066190866,-12.964309692382812,28.148014068603516,0.0,0.0027785214782865796,0.0
307.4857407086585,-11.964313507080078,28.150793075561523,0.0,0.0027785214782865796,0.0
308.48574075010964,-10.964317321777344,28.1535701751709,0.0,0.0027785214782865796,0.0
309.4857407968595,-9.96432113647461,28.156349182128906,0.0,0.0027785214782865796,0.0
310.48574084360934,-8.964324951171875,28.159128189086914,0.0,0.0027785214782865796,0.0
311.4857408903592,-7.964328765869141,28.161907196044922,0.0,0.0027785214782865796,0.0
312.4857409318103,-6.964332580566406,28.164684295654297,0.0,0.0027785214782865796,0.0
313.48574097856016,-5.964336395263672,28.167463302612305,0.0,0.0027785214782865796,0.0
314.48574102531,-4.9643402099609375,28.170242309570312,0.0,0.0027785214782865796,0.0
315.4857413104775,-3.964343786239624,28.17302131652832,0.0,0.0027785214782865796,0.0
316.48574135192865,-2.9643476009368896,28.175798416137695,0.0,0.0027785214782865796,0.0
317.4857413986785,-1.9643514156341553,28.178577423095703,0.0,0.0027785214782865796,0.0
318.48574144542835,-0.9643552303314209,28.18135643005371,0.0,0.0027785214782865796,0.0
319.4857414847276,0.03564094752073288,28.18413543701172,0.0,0.0027785214782865796,0.0
320.48574153362927,1.0356371402740479,28.186912536621094,0.0,0.0027785214782865796,0.0
321.4857415803791,2.0356333255767822,28.1896915435791,0.0,0.0027785214782865796,0.0
322.48574162712896,3.0356295108795166,28.19247055053711,0.0,0.0027785214782865796,0.0
323.48574143546114,4.035625457763672,28.195249557495117,0.0,0.0027785214782865796,0.0
324.48574147691227,5.035621643066406,28.198026657104492,0.0,0.0027785214782865796,0.0
325.4857415236621,6.035617828369141,28.2008056640625,0.0,0.0027785214782865796,0.0
326.48574157041196,7.035614013671875,28.203584671020508,0.0,0.0027785214782865796,0.0
327.4857416118631,8.03561019897461,28.206361770629883,0.0,0.0027785214782865796,0.0
328.48574165861294,9.035606384277344,28.20914077758789,0.0,0.0027785214782865796,0.0
329.4857417053628,10.035602569580078,28.2119197845459,0.0,0.0027785214782865796,0.0
330.48574175211263,11.035598754882812,28.214698791503906,0.0,0.0027785214782865796,0.0
331.48574179356376,12.035594940185547,28.21747589111328,0.0,0.0027785214782865796,0.0
332.4857418403136,13.035591125488281,28.22025489807129,0.0,0.0027785214782865796,0.0
333.48574188706345,14.035587310791016,28.223033905029297,0.0,0.0027785214782865796,0.0
334.4857419338133,15.03558349609375,28.225812911987305,0.0,0.0027785214782865796,0.0
335.48574197526443,16.035579681396484,28.22859001159668,0.0,0.0027785214782865796,0.0
336.4857420220143,17.03557586669922,28.231369018554688,0.0,0.0027785214782865796,0.0
337.4857420687641,18.035572052001953,28.234148025512695,0.0,0.0027785214782865796,0.0
338.485742115514,19.035568237304688,28.236927032470703,0.0,0.0027785214782865796,0.0
339.4857421569651,20.035564422607422,28.239704132080078,0.0,0.0027785214782865796,0.0
