timestamp_us,x,y,z,qx,qy,qz,qw,vx,vy,vz,ax,ay,az,curvature,yaw,beta,r,speed_mps
0,0.0,0.0,0.0,0.0,0.0,0.0,1.0,18.0,0.0,0.0,0.0,0.0,0.0,0.0,0.0,0.0,0.0,18.0
100000,1.7999999523162842,0.0,0.0,0.0,0.0,0.0,1.0,18.0,0.0,0.0,0.0,0.0,0.0,0.0,0.0,0.0,0.0,18.0
200000,3.5999999046325684,0.0,0.0,0.0,0.0,0.0,1.0,18.0,0.0,0.0,0.0,0.0,0.0,0.0,0.0,0.0,0.0,18.0
300000,5.400000095367432,0.0,0.0,0.0,0.0,0.0,1.0,18.0,0.0,0.0,0.0,0.0,0.0,0.0,0.0,0.0,0.0,18.0
400000,7.200000286102295,0.0,0.0,0.0,0.0,0.0,1.0,18.0,0.0,0.0,0.0,0.0,0.0,0.0,0.0,0.0,0.0,18.0
500000,9.0,0.0,0.0,0.0,0.0,0.0,1.0,18.0,0.0,0.0,0.0,0.0,0.0,0.0,0.0,0.0,0.0,18.0
600000,10.800000190734863,0.0,0.0,0.0,0.0,0.0,1.0,18.0,0.0,0.0,0.0,0.0,0.0,0.0,0.0,0.0,0.0,18.0
700000,12.600000381469727,0.0,0.0,0.0,0.0,0.0,1.0,18.0,0.0,0.0,0.0,0.0,0.0,0.0,0.0,0.0,0.0,18.0
800000,14.40000057220459,0.0,0.0,0.0,0.0,0.0,1.0,18.0,0.0,0.0,0.0,0.0,0.0,0.0,0.0,0.0,0.0,18.0
900000,16.200000762939453,0.0,0.0,0.0,0.0,0.0,1.0,18.0,0.0,0.0,0.0,0.0,0.0,0.0,0.0,0.0,0.0,18.0
1000000,18.0,0.0,0.0,0.0,0.0,0.0,1.0,18.0,0.0,0.0,0.0,0.0,0.0,0.0,0.0,0.0,0.0,18.0
1100000,19.799999237060547,0.0,0.0,0.0,0.0,0.0,1.0,18.0,0.0,0.0,0.0,0.0,0.0,0.0,0.0,0.0,0.0,18.0
1200000,21.599998474121094,0.0,0.0,0.0,0.0,0.0,1.0,18.0,0.0,0.0,0.0,0.0,0.0,0.0,0.0,0.0,0.0,18.0
1300000,23.39999771118164,0.0,0.0,0.0,0.0,0.0,1.0,18.0,0.0,0.0,0.0,0.0,0.0,0.0,0.0,0.0,0.0,18.0
1400000,25.199996948242188,0.0,0.0,0.0,0.0,0.0,1.0,18.0,0.0,0.0,0.0,0.0,0.0,0.0,0.0,0.0,0.0,18.0
1500000,26.999996185302734,0.0,0.0,0.0,0.0,0.0,1.0,18.0,0.0,0.0,0.0,0.0,0.0,0.0,0.0,0.0,0.0,18.0
1600000,28.79999542236328,0.0,0.0,0.0,0.0,0.0,1.0,18.0,0.0,0.0,0.0,0.0,0.0,0.0,0.0,0.0,0.0,18.0
1700000,30.599994659423828,0.0,0.0,0.0,0.0,0.0,1.0,18.0,0.0,0.0,0.0,0.0,0.0,0.0,0.0,0.0,0.0,18.0
1800000,32.399993896484375,0.0,0.0,0.0,0.0,0.0,1.0,18.0,0.0,0.0,0.0,0.0,0.0,0.0,0.0,0.0,0.0,18.0
1900000,34.19999313354492,0.0,0.0,0.0,0.0,0.0,1.0,18.0,0.0,0.0,0.0,0.0,0.0,0.0,0.0,0.0,0.0,18.0
2000000,35.99999237060547,0.0,0.0,0.0,0.0,0.0,1.0,18.0,0.0,0.0,0.0,0.0,0.0,0.0,0.0,0.0,0.0,18.0
2100000,37.799991607666016,0.0,0.0,0.0,0.0,0.0,1.0,18.0,0.0,0.0,0.0,0.0,0.0,0.0,0.0,0.0,0.0,18.0
2200000,39.59999084472656,0.0,0.0,0.0,0.0,0.0,1.0,18.0,0.0,0.0,0.0,0.0,0.0,0.0,0.0,0.0,0.0,18.0
2300000,41.39999008178711,0.0,0.0,0.0,0.0,0.0,1.0,18.0,0.0,0.0,0.0,0.0,0.0,0.0,0.0,0.0,0.0,18.0
2400000,43.199989318847656,0.0,0.0,0.0,0.0,0.0,1.0,18.0,0.0,0.0,0.0,0.0,0.0,0.0,0.0,0.0,0.0,18.0
2500000,44.9999885559082,0.0,0.0,0.0,0.0,0.0,1.0,18.0,0.0,0.0,0.0,0.0,0.0,0.0,0.0,0.0,0.0,18.0
2600000,46.79998779296875,0.0,0.0,0.0,0.0,0.0,1.0,18.0,0.0,0.0,0.0,0.0,0.0,0.0,0.0,0.0,0.0,18.0
2700000,48.5999870300293,0.0,0.0,0.0,0.0,0.0,1.0,18.0,0.0,0.0,0.0,0.0,0.0,0.0,0.0,0.0,0.0,18.0
2800000,50.399986267089844,0.0,0.0,0.0,0.0,0.0,1.0,18.0,0.0,0.0,0.0,0.0,0.0,0.0,0.0,0.0,0.0,18.0
2900000,52.19998550415039,0.0,0.0,0.0,0.0,0.0,1.0,18.0,0.0,0.0,0.0,0.0,0.0,0.0,0.0,0.0,0.0,18.0
3000000,53.99998474121094,0.0,0.0,0.0,0.0,0.0,1.0,18.0,0.0,0.0,0.0,0.0,0.0,0.0,0.0,0.0,0.0,18.0
3100000,55.799983978271484,0.0,0.0,0.0,0.0,0.0,1.0,18.0,0.0,0.0,0.0,0.0,0.0,0.0,0.0,0.0,0.0,18.0
3200000,57.59998321533203,0.0,0.0,0.0,0.0,0.0,1.0,18.0,0.0,0.0,0.0,0.0,0.0,0.0,0.0,0.0,0.0,18.0
3300000,59.39998245239258,0.0,0.0,0.0,0.0,0.0,1.0,18.0,0.0,0.0,0.0,0.0,0.0,0.0,0.0,0.0,0.0,18.0
3400000,61.199981689453125,0.0,0.0,0.0,0.0,0.0,1.0,18.0,0.0,0.0,0.0,0.0,0.0,0.0,0.0,0.0,0.0,18.0
3500000,62.99998092651367,0.0,0.0,0.0,0.0,0.0,1.0,18.0,0.0,0.0,0.0,0.0,0.0,0.0,0.0,0.0,0.0,18.0
3600000,64.79998016357422,0.0,0.0,0.0,0.0,0.0,1.0,18.0,0.0,0.0,0.0,0.0,0.0,0.0,0.0,0.0,0.0,18.0
3700000,66.59998321533203,0.0,0.0,0.0,0.0,0.0,1.0,18.0,0.0,0.0,0.0,0.0,0.0,0.0,0.0,0.0,0.0,18.0
3800000,68.39998626708984,0.0,0.0,0.0,0.0,0.0,1.0,18.0,0.0,0.0,0.0,0.0,0.0,0.0,0.0,0.0,0.0,18.0
3900000,70.19998931884766,0.0,0.0,0.0,0.0,0.0,1.0,18.0,0.0,0.0,0.0,0.0,0.0,0.0,0.0,0.0,0.0,18.0
4000000,71.99999237060547,0.0,0.0,0.0,0.0,0.0,1.0,18.0,0.0,0.0,0.0,0.0,0.0,0.0,0.0,0.0,0.0,18.0
4100000,73.79999542236328,0.0,0.0,0.0,0.0,0.0,1.0,18.0,0.0,0.0,0.0,0.0,0.0,0.0,0.0,0.0,0.0,18.0
4200000,75.5999984741211,0.0,0.0,0.0,0.0,0.0,1.0,18.0,0.0,0.0,0.0,0.0,0.0,0.0,0.0,0.0,0.0,18.0
4300000,77.4000015258789,0.0,0.0,0.0,0.0,0.0,1.0,18.0,0.0,0.0,0.0,0.0,0.0,0.0,0.0,0.0,0.0,18.0
4400000,79.20000457763672,0.0,0.0,0.0,0.0,0.0,1.0,18.0,0.0,0.0,0.0,0.0,0.0,0.0,0.0,0.0,0.0,18.0
4500000,81.00000762939453,0.0,0.0,0.0,0.0,0.0,1.0,18.0,0.0,0.0,0.0,0.0,0.0,0.0,0.0,0.0,0.0,18.0
4600000,82.80001068115234,0.0,0.0,0.0,0.0,0.0,1.0,18.0,0.0,0.0,0.0,0.0,0.0,0.0,0.0,0.0,0.0,18.0
4700000,84.60001373291016,0.0,0.0,0.0,0.0,0.0,1.0,18.0,0.0,0.0,0.0,0.0,0.0,0.0,0.0,0.0,0.0,18.0
4800000,86.40001678466797,0.0,0.0,0.0,0.0,0.0,1.0,18.0,0.0,0.0,0.0,0.0,0.0,0.0,0.0,0.0,0.0,18.0
4900000,88.20001983642578,0.0,0.0,0.0,0.0,0.0,1.0,18.0,0.0,0.0,0.0,0.0,0.0,0.0,0.0,0.0,0.0,18.0
5000000,90.0000228881836,0.0,0.0,0.0,0.0,0.0,1.0,18.0,0.0,0.0,0.0,0.0,0.0,0.0,0.0,0.0,0.0,18.0
5100000,91.8000259399414,0.0,0.0,0.0,0.0,0.0,1.0,18.0,0.0,0.0,0.0,0.0,0.0,0.0,0.0,0.0,0.0,18.0
5200000,93.60002899169922,0.0,0.0,0.0,0.0,0.0,1.0,18.0,0.0,0.0,0.0,0.0,0.0,0.0,0.0,0.0,0.0,18.0
5300000,95.40003204345703,0.0,0.0,0.0,0.0,0.0,1.0,18.0,0.0,0.0,0.0,0.0,0.0,0.0,0.0,0.0,0.0,18.0
5400000,97.20003509521484,0.0,0.0,0.0,0.0,0.0,1.0,18.0,0.0,0.0,0.0,0.0,0.0,0.0,0.0,0.0,0.0,18.0
5500000,99.00003814697266,0.0,0.0,0.0,0.0,0.0,1.0,18.0,0.0,0.0,0.0,0.0,0.0,0.0,0.0,0.0,0.0,18.0
5600000,100.80004119873047,0.0,0.0,0.0,0.0,0.0,1.0,18.0,0.0,0.0,-0.009202957153320312,1.2870280742645264,0.0,0.0,0.0,0.0,0.0,18.0
5700000,102.60004425048828,0.0,0.0,0.0,0.0,0.004036102909594774,0.9999918341636658,17.998159408569336,0.2574056088924408,0.0,-0.03628730773925781,2.5554208755493164,0.0,0.0044845715165138245,0.00807222817093134,0.00622857129201293,0.08072228729724884,18.0
5800000,104.39985656738281,0.02574056200683117,0.0,0.0,0.0,0.011865697801113129,0.9999296069145203,17.99274253845215,0.5110841989517212,0.0,-0.06533622741699219,2.3751397132873535,0.0,0.00869984645396471,0.023731952533125877,0.004665430635213852,0.15659724175930023,18.0
5900000,106.19912719726562,0.07684898376464844,0.0,0.0,0.0,0.021361220628023148,0.9997718334197998,17.985092163085938,0.732433557510376,0.0,-0.08351325988769531,2.0866971015930176,0.0,0.010552076622843742,0.042725689709186554,-0.00202369992621243,0.18993738293647766,18.0
6000000,107.99763488769531,0.15009233355522156,0.0,0.0,0.0,0.030854815617203712,0.9995238780975342,17.97603988647461,0.9284236431121826,0.0,-0.10119438171386719,1.959349513053894,0.0,0.010552076622843742,0.06171942874789238,-0.01011743862181902,0.18993738293647766,18.0
6100000,109.79524230957031,0.2429347038269043,0.0,0.0,0.0,0.040345631539821625,0.9991858005523682,17.964853286743164,1.1243034601211548,0.0,-0.12254714965820312,1.9581305980682373,0.0,0.010552076622843742,0.0807131677865982,-0.018211176618933678,0.18993738293647766,18.0
6200000,111.59172821044922,0.3553650677204132,0.0,0.0,0.0,0.04983280226588249,0.9987576007843018,17.95153045654297,1.32004976272583,0.0,-0.14388084411621094,1.956678032875061,0.0,0.010552076622843742,0.09970690310001373,-0.02630491554737091,0.18993738293647766,18.0
6300000,113.38687896728516,0.4873700439929962,0.0,0.0,0.0,0.059315480291843414,0.998239278793335,17.936077117919922,1.515639066696167,0.0,-0.16519546508789062,1.9549930095672607,0.0,0.010552076622843742,0.11870063841342926,-0.034398652613162994,0.18993738293647766,18.0
6400000,115.18048858642578,0.6389339566230774,0.0,0.0,0.0,0.06879281252622604,0.9976309537887573,17.91849136352539,1.7110483646392822,0.0,-0.18650054931640625,1.9530761241912842,0.0,0.010552076622843742,0.1376943737268448,-0.04249238967895508,0.18993738293647766,18.0
6500000,116.97233581542969,0.8100388050079346,0.0,0.0,0.0,0.07826393842697144,0.9969326853752136,17.89877700805664,1.9062542915344238,0.0,-0.20778656005859375,1.9509267807006836,0.0,0.010552076622843742,0.15668810904026031,-0.05058612674474716,0.18993738293647766,18.0
6600000,118.76221466064453,1.000664234161377,0.0,0.0,0.0,0.08772800117731094,0.9961444735527039,17.876934051513672,2.101233720779419,0.0,-0.229034423828125,1.94854736328125,0.0,0.010552076622843742,0.17568184435367584,-0.058679863810539246,0.18993738293647766,18.0
6700000,120.54991149902344,1.2107876539230347,0.0,0.0,0.0,0.09718415886163712,0.9952664375305176,17.852970123291016,2.295963764190674,0.0,-0.25025367736816406,1.9459354877471924,0.0,0.010552076622843742,0.19467557966709137,-0.06677360087633133,0.18993738293647766,18.0
6800000,122.335205078125,1.440384030342102,0.0,0.0,0.0,0.10663154721260071,0.9942985773086548,17.82688331604004,2.4904208183288574,0.0,-0.271453857421875,1.9430923461914062,0.0,0.010552076622843742,0.2136693149805069,-0.07486733794212341,0.18993738293647766,18.0
6900000,124.1178970336914,1.689426064491272,0.0,0.0,0.0,0.11606931686401367,0.9932411313056946,17.79867935180664,2.684582233428955,0.0,-0.2926063537597656,1.940019130706787,0.0,0.010552076622843742,0.23266305029392242,-0.0829610750079155,0.18993738293647766,18.0
7000000,125.89776611328125,1.9578843116760254,0.0,0.0,0.0,0.12549662590026855,0.9920940399169922,17.768362045288086,2.878424644470215,0.0,-0.3137397766113281,1.9367146492004395,0.0,0.010552076622843742,0.25165680050849915,-0.09105481207370758,0.18993738293647766,18.0
7100000,127.67459869384766,2.2457268238067627,0.0,0.0,0.0,0.1349126100540161,0.9908574819564819,17.735931396484375,3.071925163269043,0.0,-0.3348350524902344,1.9331777095794678,0.0,0.010552076622843742,0.2706505358219147,-0.09914854913949966,0.18993738293647766,18.0
7200000,129.4481964111328,2.552919387817383,0.0,0.0,0.0,0.1443164348602295,0.9895315766334534,17.70139503479004,3.2650601863861084,0.0,-0.3558826446533203,1.9294118881225586,0.0,0.010552076622843742,0.2896442711353302,-0.10724228620529175,0.18993738293647766,18.0
7300000,131.2183380126953,2.879425287246704,0.0,0.0,0.0,0.15370723605155945,0.988116443157196,17.66475486755371,3.4578075408935547,0.0,-0.37689208984375,1.925419569015503,0.0,0.010552076622843742,0.3086380064487457,-0.11533602327108383,0.18993738293647766,18.0
7400000,132.9848175048828,3.225206136703491,0.0,0.0,0.0,0.16308416426181793,0.9866121411323547,17.62601661682129,3.650144100189209,0.0,-0.3978538513183594,1.9211971759796143,0.0,0.010552076622843742,0.32763174176216125,-0.12342976033687592,0.18993738293647766,18.0
7500000,134.74742126464844,3.5902204513549805,0.0,0.0,0.0,0.17244639992713928,0.9850189089775085,17.58518409729004,3.8420469760894775,0.0,-0.4187774658203125,1.9167470932006836,0.0,0.010552076622843742,0.3466254770755768,-0.1315235048532486,0.18993738293647766,18.0
7600000,136.5059356689453,3.9744250774383545,0.0,0.0,0.0,0.18179307878017426,0.9833368062973022,17.542261123657227,4.033493518829346,0.0,-0.43964385986328125,1.9120681285858154,0.0,0.010552076622843742,0.3656192123889923,-0.13961724936962128,0.18993738293647766,18.0
7700000,138.26016235351562,4.377774238586426,0.0,0.0,0.0,0.1911233514547348,0.9815660119056702,17.497255325317383,4.224460601806641,0.0,-0.4604530334472656,1.9071602821350098,0.0,0.010552076622843742,0.38461294770240784,-0.14771099388599396,0.18993738293647766,18.0
7800000,140.0098876953125,4.800220489501953,0.0,0.0,0.0,0.20043639838695526,0.9797067046165466,17.450170516967773,4.414925575256348,0.0,-0.4812145233154297,1.9020271301269531,0.0,0.010552076622843742,0.40360668301582336,-0.15580473840236664,0.18993738293647766,18.0
7900000,141.75489807128906,5.241713047027588,0.0,0.0,0.0,0.20973137021064758,0.977759063243866,17.401012420654297,4.604866027832031,0.0,-0.5019187927246094,1.896672248840332,0.0,0.010552076622843742,0.4226004183292389,-0.16389848291873932,0.18993738293647766,18.0
8000000,143.4949951171875,5.702199459075928,0.0,0.0,0.0,0.21900741755962372,0.9757232069969177,17.34978675842285,4.794260025024414,0.0,-0.5225658416748047,1.8910884857177734,0.0,0.010552076622843742,0.4415941536426544,-0.171992227435112,0.18993738293647766,18.0
8100000,145.22998046875,6.1816253662109375,0.0,0.0,0.0,0.228263720870018,0.9735993146896362,17.296499252319336,4.983083724975586,0.0,-0.5431461334228516,1.8852806091308594,0.0,0.010552076622843742,0.46058788895606995,-0.18008597195148468,0.18993738293647766,18.0
8200000,146.95962524414062,6.679933547973633,0.0,0.0,0.0,0.2374994307756424,0.9713876843452454,17.24115753173828,5.171316146850586,0.0,-0.5636692047119141,1.8792462348937988,0.0,0.010552076622843742,0.4795816242694855,-0.18817971646785736,0.18993738293647766,18.0
8300000,148.68374633789062,7.1970648765563965,0.0,0.0,0.0,0.24671372771263123,0.9690884351730347,17.183765411376953,5.358932971954346,0.0,-0.5841159820556641,1.8729925155639648,0.0,0.010552076622843742,0.498575359582901,-0.19627346098423004,0.18993738293647766,18.0
8400001,150.40213012695312,7.7329583168029785,0.0,0.0,0.0,0.25590577721595764,0.9667017459869385,17.12433433532715,5.545914649963379,0.0,-0.6044864654541016,1.8665194511413574,0.0,0.010552076622843742,0.5175691246986389,-0.20436720550060272,0.18993738293647766,18.0
8500000,152.11456298828125,8.28754997253418,0.0,0.0,0.0,0.2650747299194336,0.9642278552055359,17.062868118286133,5.732236862182617,0.0,-0.6247997283935547,1.8598127365112305,0.0,0.010552076622843742,0.5365628600120544,-0.2124609500169754,0.18993738293647766,18.0
8600000,153.8208465576172,8.860774040222168,0.0,0.0,0.0,0.2742197811603546,0.9616670608520508,16.999374389648438,5.917877197265625,0.0,-0.6450366973876953,1.8528938293457031,0.0,0.010552076622843742,0.55555659532547,-0.22055469453334808,0.18993738293647766,18.0
8700000,155.52078247070312,9.452561378479004,0.0,0.0,0.0,0.28334009647369385,0.9590194821357727,16.933860778808594,6.102815628051758,0.0,-0.6651973724365234,1.8457531929016113,0.0,0.010552076622843742,0.5745503306388855,-0.22864843904972076,0.18993738293647766,18.0
8800000,157.21417236328125,10.062843322753906,0.0,0.0,0.0,0.2924348711967468,0.9562854170799255,16.866334915161133,6.287027835845947,0.0,-0.685272216796875,1.838390827178955,0.0,0.010552076622843742,0.593544065952301,-0.23674218356609344,0.18993738293647766,18.0
8900001,158.9008026123047,10.691546440124512,0.0,0.0,0.0,0.3015032708644867,0.9534651637077332,16.79680633544922,6.470493793487549,0.0,-0.70526123046875,1.8308162689208984,0.0,0.010552076622843742,0.6125378012657166,-0.24483592808246613,0.18993738293647766,18.0
9000000,160.5804901123047,11.338595390319824,0.0,0.0,0.0,0.3105444610118866,0.9505588412284851,16.725282669067383,6.653191089630127,0.0,-0.7251834869384766,1.8230175971984863,0.0,0.010552076622843742,0.6315315365791321,-0.2529296576976776,0.18993738293647766,18.0
9100000,162.25302124023438,12.003914833068848,0.0,0.0,0.0,0.31955766677856445,0.94756680727005,16.651769638061523,6.835097312927246,0.0,-0.7450199127197266,1.8150043487548828,0.0,0.010552076622843742,0.6505252718925476,-0.2610234022140503,0.18993738293647766,18.0
9200000,163.91819763183594,12.687424659729004,0.0,0.0,0.0,0.328542023897171,0.9444893598556519,16.576278686523438,7.0161919593811035,0.0,-0.7647514343261719,1.806778907775879,0.0,0.010552076622843742,0.6695190072059631,-0.269117146730423,0.18993738293647766,18.0
9300000,165.57582092285156,13.389043807983398,0.0,0.0,0.0,0.3374967873096466,0.9413266777992249,16.49881935119629,7.196453094482422,0.0,-0.7843971252441406,1.7983365058898926,0.0,0.010552076622843742,0.6885127425193787,-0.27721089124679565,0.18993738293647766,18.0
9400001,167.2257080078125,14.108689308166504,0.0,0.0,0.0,0.3464210629463196,0.9380791187286377,16.41939926147461,7.375859260559082,0.0,-0.8039474487304688,1.7896771430969238,0.0,0.010552076622843742,0.7075064778327942,-0.28530463576316833,0.18993738293647766,18.0
9500000,168.86764526367188,14.846275329589844,0.0,0.0,0.0,0.35531413555145264,0.9347469806671143,16.338029861450195,7.554388523101807,0.0,-0.8234119415283203,1.7808055877685547,0.0,0.010552076622843742,0.7265002131462097,-0.293398380279541,0.18993738293647766,18.0
9600000,170.50144958496094,15.601714134216309,0.0,0.0,0.0,0.36417514085769653,0.9313305020332336,16.254716873168945,7.732020378112793,0.0,-0.8427715301513672,1.7717289924621582,0.0,0.010552076622843742,0.7454939484596252,-0.3014921247959137,0.18993738293647766,18.0
9700000,172.12692260742188,16.374916076660156,0.0,0.0,0.0,0.3730033040046692,0.9278300404548645,16.169475555419922,7.908734321594238,0.0,-0.8620357513427734,1.7624378204345703,0.0,0.010552076622843742,0.7644876837730408,-0.3095858693122864,0.18993738293647766,18.0
9800000,173.74386596679688,17.165788650512695,0.0,0.0,0.0,0.3817978501319885,0.9242458343505859,16.08230972290039,8.084507942199707,0.0,-0.881195068359375,1.752934455871582,0.0,0.010552076622843742,0.7834814190864563,-0.31767961382865906,0.18993738293647766,18.0
9900001,175.3520965576172,17.974239349365234,0.0,0.0,0.0,0.3905579149723053,0.9205783605575562,15.993236541748047,8.259321212768555,0.0,-0.9002399444580078,1.7432260513305664,0.0,0.010552076622843742,0.8024751543998718,-0.32577335834503174,0.18993738293647766,18.0
10000000,176.951416015625,18.8001708984375,0.0,0.0,0.0,0.3992827832698822,0.9168277978897095,15.902261734008789,8.43315315246582,0.0,-0.919194221496582,1.7333126068115234,0.0,0.010552076622843742,0.8214688897132874,-0.3338671028614044,0.18993738293647766,18.0
10100000,178.54164123535156,19.64348602294922,0.0,0.0,0.0,0.40797165036201477,0.9129945635795593,15.80939769744873,8.60598373413086,0.0,-0.9380340576171875,1.723189353942871,0.0,0.010552076622843742,0.8404626250267029,-0.3419608473777771,0.18993738293647766,18.0
10200000,180.12257385253906,20.50408363342285,0.0,0.0,0.0,0.41662371158599854,0.9090790152549744,15.714654922485352,8.777791023254395,0.0,-0.9567594528198242,1.7128610610961914,0.0,0.010552076622843742,0.8594563603401184,-0.3500545918941498,0.18993738293647766,18.0
10300000,181.6940460205078,21.38186264038086,0.0,0.0,0.0,0.4252381920814514,0.9050814509391785,15.618045806884766,8.948555946350098,0.0,-0.9753704071044922,1.7023277282714844,0.0,0.010552076622843742,0.8784500956535339,-0.35814833641052246,0.18993738293647766,18.0
10400001,183.25584411621094,22.276718139648438,0.0,0.0,0.0,0.43381431698799133,0.9010022878646851,15.519580841064453,9.118256568908691,0.0,-0.9938716888427734,1.691603660583496,0.0,0.010552076622843742,0.8974438309669495,-0.36624208092689514,0.18993738293647766,18.0
10500000,184.80780029296875,23.18854331970215,0.0,0.0,0.0,0.4423513412475586,0.896841824054718,15.419271469116211,9.286876678466797,0.0,-1.012253761291504,1.6806697845458984,0.0,0.010552076622843742,0.916437566280365,-0.3743358254432678,0.18993738293647766,18.0
10600000,186.3497314453125,24.117231369018555,0.0,0.0,0.0,0.45084846019744873,0.8926005363464355,15.317130088806152,9.454390525817871,0.0,-1.0305070877075195,1.6695261001586914,0.0,0.010552076622843742,0.9354313015937805,-0.3824295699596405,0.18993738293647766,18.0
10700000,187.88143920898438,25.06266975402832,0.0,0.0,0.0,0.45930489897727966,0.8882786631584167,15.213170051574707,9.620781898498535,0.0,-1.0486364364624023,1.6581964492797852,0.0,0.010552076622843742,0.954425036907196,-0.3905233144760132,0.18993738293647766,18.0
10800000,189.4027557373047,26.024747848510742,0.0,0.0,0.0,0.4677199423313141,0.8838767409324646,15.107402801513672,9.786029815673828,0.0,-1.0666561126708984,1.6466760635375977,0.0,0.010552076622843742,0.9734187722206116,-0.39861705899238586,0.18993738293647766,18.0
10900001,190.9134979248047,27.00335121154785,0.0,0.0,0.0,0.47609278559684753,0.879395067691803,14.999838829040527,9.950117111206055,0.0,-1.0845470428466797,1.6349554061889648,0.0,0.010552076622843742,0.9924125075340271,-0.40671080350875854,0.18993738293647766,18.0
11000000,192.41348266601562,27.998363494873047,0.0,0.0,0.0,0.4844227135181427,0.8748340606689453,14.890493392944336,10.113020896911621,0.0,-1.102299690246582,1.6230344772338867,0.0,0.010552076622843742,1.0114063024520874,-0.4148045480251312,0.18993738293647766,18.0
11100000,193.90252685546875,29.009666442871094,0.0,0.0,0.0,0.4927089214324951,0.8701941967010498,14.779378890991211,10.274724006652832,0.0,-1.1199235916137695,1.6109275817871094,0.0,0.010552076622843742,1.030400037765503,-0.4228982925415039,0.18993738293647766,18.0
11200000,195.38046264648438,30.037137985229492,0.0,0.0,0.0,0.5009506940841675,0.8654758334159851,14.666508674621582,10.435206413269043,0.0,-1.1374092102050781,1.5986108779907227,0.0,0.010552076622843742,1.0493937730789185,-0.4309920370578766,0.18993738293647766,18.0
11300000,196.84710693359375,31.080657958984375,0.0,0.0,0.0,0.5091472864151001,0.8606793880462646,14.551897048950195,10.594446182250977,0.0,-1.1547660827636719,1.5861177444458008,0.0,0.010552076622843742,1.068387508392334,-0.43908578157424927,0.18993738293647766,18.0
11400001,198.3022918701172,32.14010238647461,0.0,0.0,0.0,0.5172979831695557,0.8558053374290466,14.435555458068848,10.752429962158203,0.0,-1.1719894409179688,1.5734434127807617,0.0,0.010552076622843742,1.0873812437057495,-0.44717952609062195,0.18993738293647766,18.0
11500000,199.745849609375,33.21534729003906,0.0,0.0,0.0,0.5254020094871521,0.8508541584014893,14.317499160766602,10.909134864807129,0.0,-1.1890745162963867,1.5605783462524414,0.0,0.010552076622843742,1.106374979019165,-0.45527327060699463,0.18993738293647766,18.0
11600000,201.17759704589844,34.30625915527344,0.0,0.0,0.0,0.5334585905075073,0.8458261489868164,14.19774055480957,11.064545631408691,0.0,-1.2060165405273438,1.5475225448608398,0.0,0.010552076622843742,1.1253687143325806,-0.4633670151233673,0.18993738293647766,18.0
11700000,202.5973663330078,35.41271209716797,0.0,0.0,0.0,0.5414671301841736,0.8407219052314758,14.076295852661133,11.218639373779297,0.0,-1.2228059768676758,1.534276008605957,0.0,0.010552076622843742,1.144362449645996,-0.47146075963974,0.18993738293647766,18.0
11800000,204.00498962402344,36.534576416015625,0.0,0.0,0.0,0.5494268536567688,0.835541844367981,13.953179359436035,11.371400833129883,0.0,-1.2394523620605469,1.5208673477172852,0.0,0.010552076622843742,1.1633561849594116,-0.47955450415611267,0.18993738293647766,18.0
11900001,205.4003143310547,37.671714782714844,0.0,0.0,0.0,0.5573369860649109,0.8302863836288452,13.828405380249023,11.522812843322754,0.0,-1.255965232849121,1.507272720336914,0.0,0.010552076622843742,1.1823499202728271,-0.48764824867248535,0.18993738293647766,18.0
12000000,206.7831573486328,38.823997497558594,0.0,0.0,0.0,0.5651968121528625,0.8249560594558716,13.701986312866211,11.672855377197266,0.0,-1.2723159790039062,1.4934873580932617,0.0,0.010552076622843742,1.2013436555862427,-0.49574199318885803,0.18993738293647766,18.0
12100000,208.15335083007812,39.99128341674805,0.0,0.0,0.0,0.573005735874176,0.8195513486862183,13.573942184448242,11.821510314941406,0.0,-1.2885189056396484,1.4795303344726562,0.0,0.010552076622843742,1.2203373908996582,-0.5038357377052307,0.18993738293647766,18.0
12200000,209.5107421875,41.17343521118164,0.0,0.0,0.0,0.5807629227638245,0.8140727281570435,13.444282531738281,11.968761444091797,0.0,-1.3045740127563477,1.4654016494750977,0.0,0.010552076622843742,1.2393311262130737,-0.511929452419281,0.18993738293647766,18.0
12300000,210.85516357421875,42.37031173706055,0.0,0.0,0.0,0.5884677767753601,0.8085206747055054,13.313027381896973,12.114590644836426,0.0,-1.3204574584960938,1.451096534729004,0.0,0.010552076622843742,1.2583248615264893,-0.5200231671333313,0.18993738293647766,18.0
12400001,212.18646240234375,43.58177185058594,0.0,0.0,0.0,0.5961195230484009,0.8028956651687622,13.180191040039062,12.258980751037598,0.0,-1.336207389831543,1.436614990234375,0.0,0.010552076622843742,1.2773185968399048,-0.5281168818473816,0.18993738293647766,18.0
12500000,213.50448608398438,44.80767059326172,0.0,0.0,0.0,0.6037175059318542,0.7971982955932617,13.045785903930664,12.4019136428833,0.0,-1.351785659790039,1.421961784362793,0.0,0.010552076622843742,1.2963123321533203,-0.5362105965614319,0.18993738293647766,18.0
12600000,214.80906677246094,46.0478630065918,0.0,0.0,0.0,0.6112610697746277,0.7914290428161621,12.909833908081055,12.543373107910156,0.0,-1.367201805114746,1.4071416854858398,0.0,0.010552076622843742,1.3153060674667358,-0.5443043112754822,0.18993738293647766,18.0
12700000,216.1000518798828,47.30220031738281,0.0,0.0,0.0,0.6187494993209839,0.7855883240699768,12.772345542907715,12.683341979980469,0.0,-1.3824653625488281,1.3921642303466797,0.0,0.010552076622843742,1.3342998027801514,-0.5523980259895325,0.18993738293647766,18.0
12800000,217.37728881835938,48.570533752441406,0.0,0.0,0.0,0.6261821389198303,0.7796768546104431,12.633340835571289,12.821805953979492,0.0,-1.397547721862793,1.3770103454589844,0.0,0.010552076622843742,1.353293538093567,-0.5604917407035828,0.18993738293647766,18.0
12900001,218.640625,49.85271453857422,0.0,0.0,0.0,0.6335582733154297,0.7736949920654297,12.492835998535156,12.958744049072266,0.0,-1.4124774932861328,1.361689567565918,0.0,0.010552076622843742,1.3722872734069824,-0.5685854554176331,0.18993738293647766,18.0
13000000,219.88990783691406,51.148590087890625,0.0,0.0,0.0,0.6408772468566895,0.767643392086029,12.350845336914062,13.094143867492676,0.0,-1.4272403717041016,1.3462209701538086,0.0,0.010552076622843742,1.391281008720398,-0.5766791701316833,0.18993738293647766,18.0
13100000,221.125,52.458003997802734,0.0,0.0,0.0,0.6481384634971619,0.7615225315093994,12.207387924194336,13.227988243103027,0.0,-1.4418220520019531,1.330580711364746,0.0,0.010552076622843742,1.4102747440338135,-0.5847728848457336,0.18993738293647766,18.0
13200000,222.34573364257812,53.78080368041992,0.0,0.0,0.0,0.6553412079811096,0.7553330063819885,12.062480926513672,13.360260009765625,0.0,-1.4562416076660156,1.3147878646850586,0.0,0.010552076622843742,1.429268479347229,-0.5928665995597839,0.18993738293647766,18.0
13300000,223.55198669433594,55.11682891845703,0.0,0.0,0.0,0.6624848246574402,0.7490753531455994,11.916139602661133,13.490945816040039,0.0,-1.4634132385253906,1.3068580627441406,0.0,0.010552076622843742,1.4482622146606445,-0.6009603142738342,0.18993738293647766,18.0
