t_s,timestamp_us,x_m,y_m,z_m,yaw_rad,qx,qy,qz,qw,vx_mps,beta_rad,yaw_rate_radps
0.0,0,0.9631147384643555,0.0,0.0,0.0,0.0,0.0,0.0,1.0,9.631147384643555,0.0,0.0
0.1,100000,1.926229476928711,0.0,0.0,0.0,0.0,0.0,0.0,1.0,9.631147384643555,0.0,0.0
0.2,200000,2.8893442153930664,0.0,0.0,0.0,0.0,0.0,0.0,1.0,9.631147384643555,0.0,0.0
0.30000000000000004,300000,3.852458953857422,0.0,0.0,0.0,0.0,0.0,0.0,1.0,9.631147384643555,0.0,0.0
0.4,400000,4.815573692321777,0.0,0.0,0.0,0.0,0.0,0.0,1.0,9.631147384643555,0.0,0.0
0.5,500000,5.778688430786133,0.0,0.0,0.0,0.0,0.0,0.0,1.0,9.631147384643555,0.0,0.0
0.6000000000000001,600000,6.741803169250488,0.0,0.0,0.0,0.0,0.0,0.0,1.0,9.631147384643555,0.0,0.0
0.7000000000000001,700000,7.704917907714844,0.0,0.0,0.0,0.0,0.0,0.0,1.0,9.631147384643555,0.0,0.0
0.8,800000,8.6680326461792,0.0,0.0,0.0,0.0,0.0,0.0,1.0,9.631147384643555,0.0,0.0
0.9,900000,9.631147384643555,0.0,0.0,0.0,0.0,0.0,0.0,1.0,9.631147384643555,0.0,0.0
1.0,1000000,10.59426212310791,0.0,0.0,0.0,0.0,0.0,0.0,1.0,9.631147384643555,0.0,0.0
1.1,1100000,11.557376861572266,0.0,0.0,0.0,0.0,0.0,0.0,1.0,9.631147384643555,0.0,0.0
1.2000000000000002,1200000,12.520491600036621,0.0,0.0,0.0,0.0,0.0,0.0,1.0,9.631147384643555,0.0,0.0
1.3,1300000,13.483606338500977,0.0,0.0,0.0,0.0,0.0,0.0,1.0,9.631147384643555,0.0,0.0
1.4000000000000001,1400000,14.446721076965332,0.0,0.0,0.0,0.0,0.0,0.0,1.0,9.631147384643555,0.0,0.0
1.5,1500000,15.409835815429688,0.0,0.0,0.0,0.0,0.0,0.0,1.0,9.631147384643555,0.0,0.0
1.6,1600000,16.37295150756836,0.0,0.0,0.0,0.0,0.0,0.0,1.0,9.631147384643555,0.0,0.0
1.7000000000000002,1700000,17.33606719970703,0.0,0.0,0.0,0.0,0.0,0.0,1.0,9.631147384643555,0.0,0.0
1.8,1800000,18.299182891845703,0.0,0.0,0.0,0.0,0.0,0.0,1.0,9.631147384643555,0.0,0.0
1.9000000000000001,1900000,19.262298583984375,0.0,0.0,0.0,0.0,0.0,0.0,1.0,9.631147384643555,0.0,0.0
2.0,2000000,20.225414276123047,0.0,0.0,0.0,0.0,0.0,0.0,1.0,9.631147384643555,0.0,0.0
2.1,2100000,21.18852996826172,0.0,0.0,0.0,0.0,0.0,0.0,1.0,9.631147384643555,0.0,0.0
2.2,2200000,22.15164566040039,0.0,0.0,0.0,0.0,0.0,0.0,1.0,9.631147384643555,0.0,0.0
2.3000000000000003,2300000,23.114761352539062,0.0,0.0,0.0,0.0,0.0,0.0,1.0,9.631147384643555,0.0,0.0
2.4000000000000004,2400000,24.077877044677734,0.0,0.0,0.0,0.0,0.0,0.0,1.0,9.631147384643555,0.0,0.0
2.5,2500000,25.040992736816406,0.0,0.0,0.0,0.0,0.0,0.0,1.0,9.631147384643555,0.0,0.0
2.6,2600000,26.004108428955078,0.0,0.0,0.0,0.0,0.0,0.0,1.0,9.631147384643555,0.0,0.0
2.7,2700000,26.96722412109375,0.0,0.0,0.0,0.0,0.0,0.0,1.0,9.631147384643555,0.0,0.0
2.8000000000000003,2800000,27.930339813232422,0.0,0.0,0.0,0.0,0.0,0.0,1.0,9.631147384643555,0.0,0.0
2.9000000000000004,2900000,28.893455505371094,0.0,0.0,0.0,0.0,0.0,0.0,1.0,9.631147384643555,0.0,0.0
3.0,3000000,29.856571197509766,0.0,0.0,0.0,0.0,0.0,0.0,1.0,9.631147384643555,0.0,0.0
3.1,3100000,30.819686889648438,0.0,0.0,0.0,0.0,0.0,0.0,1.0,9.631147384643555,0.0,0.0
3.2,3200000,31.78280258178711,0.0,0.0,0.0,0.0,0.0,0.0,1.0,9.631147384643555,0.0,0.0
3.3000000000000003,3300000,32.74591827392578,0.0,0.0,0.0,0.0,0.0,0.0,1.0,9.631147384643555,0.0,0.0
3.4000000000000004,3400000,33.70903396606445,0.0,0.0,0.0,0.0,0.0,0.0,1.0,9.631147384643555,0.0,0.0
3.5,3500000,34.672149658203125,0.0,0.0,0.0,0.0,0.0,0.0,1.0,9.631147384643555,0.0,0.0
3.6,3600000,35.6352653503418,0.0,0.0,0.0,0.0,0.0,0.0,1.0,9.631147384643555,0.0,0.0
3.7,3700000,36.59838104248047,0.0,0.0,0.0,0.0,0.0,0.0,1.0,9.631147384643555,0.0,0.0
3.8000000000000003,3800000,37.56149673461914,0.0,0.0,0.0,0.0,0.0,0.0,1.0,9.631147384643555,0.0,0.0
3.9000000000000004,3900000,38.52461242675781,0.0,0.0,0.0,0.0,0.0,0.0,1.0,9.631147384643555,0.0,0.0
4.0,4000000,39.487728118896484,0.0,0.0,0.0,0.0,0.0,0.0,1.0,9.631147384643555,0.0,0.0
4.1000000000000005,4100000,40.450843811035156,0.0,0.0,0.0,0.0,0.0,0.0,1.0,9.631147384643555,0.0,0.0
4.2,4200000,41.41395950317383,0.0,0.0,0.0,0.0,0.0,0.0,1.0,9.631147384643555,0.0,0.0
4.3,4300000,42.3770751953125,0.0,0.0,0.0,0.0,0.0,0.0,1.0,9.631147384643555,0.0,0.0
4.4,4400000,43.34019088745117,0.0,0.0,0.0,0.0,0.0,0.0,1.0,9.631147384643555,0.0,0.0
4.5,4500000,44.303306579589844,0.0,0.0,0.0,0.0,0.0,0.0,1.0,9.631147384643555,0.0,0.0
4.6000000000000005,4600000,45.266422271728516,0.0,0.0,0.0,0.0,0.0,0.0,1.0,9.631147384643555,0.0,0.0
4.7,4700000,46.22953796386719,0.0,0.0,0.0,0.0,0.0,0.0,1.0,9.631147384643555,0.0,0.0
4.800000000000001,4800000,47.19265365600586,0.0,0.0,0.0,0.0,0.0,0.0,1.0,9.631147384643555,0.0,0.0
4.9,4900000,48.15576934814453,0.0,0.0,0.0,0.0,0.0,0.0,1.0,9.631147384643555,0.0,0.0
5.0,5000000,49.1188850402832,0.0,0.0,0.0,0.0,0.0,0.0,1.0,9.631147384643555,0.0,0.0
5.1000000000000005,5100000,50.082000732421875,0.0,0.0,0.0,0.0,0.0,0.0,1.0,9.631147384643555,0.0,0.0
5.2,5200000,51.04511642456055,0.0,0.0,0.0,0.0,0.0,0.0,1.0,9.631147384643555,0.0,0.0
5.300000000000001,5300000,52.00823211669922,0.0,0.0,0.0,0.0,0.0,0.0,1.0,9.631147384643555,0.0,0.0
5.4,5400000,52.97134780883789,0.0,0.0,0.0,0.0,0.0,0.0,1.0,9.631147384643555,0.0,0.0
5.5,5500000,53.93446350097656,0.0,0.0,0.0,0.0,0.0,0.0,1.0,9.631147384643555,0.0,0.0
5.6000000000000005,5600000,54.897579193115234,0.0,0.0,0.0,0.0,0.0,0.0,1.0,9.631147384643555,0.0,0.0
5.7,5700000,55.860694885253906,0.0,0.0,0.0,0.0,0.0,0.0,1.0,9.631147384643555,0.0,0.0
5.800000000000001,5800000,56.82381057739258,0.0,0.0,0.0,0.0,0.0,0.0,1.0,9.631147384643555,0.0,0.0
5.9,5900000,57.78692626953125,0.0,0.0,0.0,0.0,0.0,0.0,1.0,9.631147384643555,0.0,0.0
6.0,6000000,58.75004196166992,0.0,0.0,0.0,0.0,0.0,0.0,1.0,9.631147384643555,0.0,0.0
6.1000000000000005,6100000,59.713157653808594,0.0,0.0,0.0,0.0,0.0,0.0,1.0,9.631147384643555,0.0,0.0
6.2,6200000,60.676273345947266,0.0,0.0,0.0,0.0,0.0,0.0,1.0,9.631147384643555,0.0,0.0
6.300000000000001,6300000,61.63938903808594,0.0,0.0,0.0,0.0,0.0,0.0,1.0,9.631147384643555,0.0,0.0
6.4,6400000,62.60250473022461,0.0,0.0,0.0,0.0,0.0,0.0,1.0,9.631147384643555,0.0,0.0
6.5,6500000,63.56562042236328,0.0,0.0,0.0,0.0,0.0,0.0,1.0,9.631147384643555,0.0,0.0
6.6000000000000005,6600000,64.52873229980469,0.0,0.0,0.0,0.0,0.0,0.0,1.0,9.631147384643555,0.0,0.0
6.7,6700000,65.4918441772461,0.0,0.0,0.0,0.0,0.0,0.0,1.0,9.631147384643555,0.0,0.0
6.800000000000001,6800000,66.4549560546875,0.0,0.0,0.0,0.0,0.0,0.0,1.0,9.631147384643555,0.0,0.0
6.9,6900000,67.4180679321289,0.0,0.0,0.0,0.0,0.0,0.0,1.0,9.631147384643555,0.0,0.0
7.0,7000000,68.38117980957031,0.0,0.0,0.0,0.0,0.0,0.0,1.0,9.631147384643555,0.0,0.0
7.1000000000000005,7100000,69.34429168701172,0.0,0.0,0.0,0.0,0.0,0.0,1.0,9.631147384643555,0.0,0.0
7.2,7200000,70.30740356445312,0.0,0.0,0.0,0.0,0.0,0.0,1.0,9.631147384643555,0.0,0.0
7.300000000000001,7300000,71.27051544189453,0.0,0.0,0.0,0.0,0.0,0.0,1.0,9.631147384643555,0.0,0.0
7.4,7400000,72.23362731933594,0.0,0.0,0.0,0.0,0.0,0.0,1.0,9.631147384643555,0.0,0.0
7.5,7500000,73.19673919677734,0.0,0.0,0.0,0.0,0.0,0.0,1.0,9.631147384643555,0.0,0.0
7.6000000000000005,7600000,74.15985107421875,0.0,0.0,0.0,0.0,0.0,0.0,1.0,9.631147384643555,0.0,0.0
7.7,7700000,75.12296295166016,0.0,0.0,0.0,0.0,0.0,0.0,1.0,9.631147384643555,0.0,0.0
7.800000000000001,7800000,76.08607482910156,0.0,0.0,0.0,0.0,0.0,0.0,1.0,9.631147384643555,0.0,0.0
7.9,7900000,77.04918670654297,0.0,0.0,0.0,0.0,0.0,0.0,1.0,9.631147384643555,0.0,0.0
8.0,8000000,78.01229858398438,0.0,0.0,0.0,0.0,0.0,0.0,1.0,9.631147384643555,0.0,0.0
8.1,8100000,78.97541046142578,0.0,0.0,0.0,0.0,0.0,0.0,1.0,9.631147384643555,0.0,0.0
8.200000000000001,8200000,79.93852233886719,0.0,0.0,0.0,0.0,0.0,0.0,1.0,9.631147384643555,0.0,0.0
8.3,8300000,80.9016342163086,0.0,0.0,0.0,0.0,0.0,0.0,1.0,9.631147384643555,0.0,0.0
8.4,8400000,81.86474609375,0.0,0.0,0.0,0.0,0.0,0.0,1.0,9.631147384643555,0.0,0.0
8.5,8500000,82.8278579711914,0.0,0.0,0.0,0.0,0.0,0.0,1.0,9.631147384643555,0.0,0.0
8.6,8600000,83.79096984863281,0.0,0.0,0.0,0.0,0.0,0.0,1.0,9.631147384643555,0.0,0.0
8.700000000000001,8700000,84.75408172607422,0.0,0.0,0.0,0.0,0.0,0.0,1.0,9.631147384643555,0.0,0.0
8.8,8800000,85.71719360351562,0.0,0.0,0.0,0.0,0.0,0.0,1.0,9.631147384643555,0.0,0.0
8.9,8900000,86.68030548095703,0.0,0.0,0.0,0.0,0.0,0.0,1.0,9.631147384643555,0.0,0.0
9.0,9000000,87.64341735839844,0.0,0.0,0.0,0.0,0.0,0.0,1.0,9.612789154052734,0.0,0.0
9.1,9100000,88.60469818115234,0.0,0.0,0.0,0.0,0.0,0.0,1.0,9.56220531463623,0.0,0.0
9.200000000000001,9200000,89.56092071533203,0.0,0.0,0.0,0.0,0.0,0.0,1.0,9.451621055603027,0.0,0.0
9.3,9300000,90.5060806274414,0.0,0.0,0.0,0.0,0.0,0.0,1.0,9.281037330627441,0.0,0.0
9.4,9400000,91.4341812133789,0.0,0.0,0.0,0.0,0.0,0.0,1.0,9.084836959838867,0.0,0.0
9.5,9500000,92.34266662597656,0.0,0.0,0.0,0.0,0.0,0.0,1.0,8.888636589050293,0.0,0.0
9.600000000000001,9600000,93.23152923583984,0.0,0.0,0.0,0.0,0.0,0.0,1.0,8.692436218261719,0.0,0.0
9.700000000000001,9700000,94.10076904296875,0.0,0.0,0.0,0.0,0.0,0.0,1.0,8.496235847473145,0.0,0.0
9.8,9800000,94.95039367675781,0.0,0.0,0.0,0.0,0.0,0.0,1.0,8.30003547668457,0.0,0.0
9.9,9900000,95.7803955078125,0.0,0.0,0.0,0.0,0.0,0.0,1.0,8.103835105895996,0.0,0.0
10.0,10000000,96.59078216552734,0.0,0.0,0.0,0.0,0.0,0.0,1.0,7.90763521194458,0.0,0.0
10.100000000000001,10100000,97.38154602050781,0.0,0.0,0.0,0.0,0.0,0.0,1.0,7.711435317993164,0.0,0.0
10.200000000000001,10200000,98.1526870727539,0.0,0.0,0.0,0.0,0.0,0.0,1.0,7.515235424041748,0.0,0.0
10.3,10300000,98.90421295166016,0.0,0.0,0.0,0.0,0.0,0.0,1.0,7.319035530090332,-0.014358832500874996,-0.0844394639134407
10.4,10400000,99.63603973388672,-0.010508920066058636,0.0,-0.008443946950137615,0.0,0.0,-0.00422196090221405,0.9999910593032837,7.122835636138916,-0.020798560231924057,-0.1678994596004486
10.5,10500000,100.3480224609375,-0.03133491054177284,0.0,-0.02523389458656311,0.0,0.0,-0.012616612948477268,0.9999204277992249,6.9266357421875,-0.02466724067926407,-0.21481218934059143
10.600000000000001,10600000,101.03982543945312,-0.0658852607011795,0.0,-0.04671511426568031,0.0,0.0,-0.023355433717370033,0.9997272491455078,6.740423679351807,-0.027911294251680374,-0.23866166174411774
10.700000000000001,10700000,101.71199035644531,-0.11613994836807251,0.0,-0.07058127969503403,0.0,0.0,-0.03528331592679024,0.9993773698806763,6.584885120391846,-0.030947940424084663,-0.2528770864009857
10.8,10800000,102.3670883178711,-0.1828809678554535,0.0,-0.09586898982524872,0.0,0.0,-0.04791614040732384,0.9988513588905334,6.456997871398926,-0.03369542211294174,-0.2639630436897278
10.9,10900000,103.00737762451172,-0.2663068175315857,0.0,-0.1222652941942215,0.0,0.0,-0.061094578355550766,0.9981319904327393,6.344677448272705,-0.03614998981356621,-0.2734408378601074
11.0,11000000,103.63390350341797,-0.36639636754989624,0.0,-0.14960937201976776,0.0,0.0,-0.07473494112491608,0.9972034096717834,6.240914821624756,-0.038407910615205765,-0.2814599871635437
11.100000000000001,11100000,104.24699401855469,-0.4830462336540222,0.0,-0.17775537073612213,0.0,0.0,-0.08876071870326996,0.9960529804229736,6.143733024597168,-0.04054703935980797,-0.28833937644958496
11.200000000000001,11200000,104.84678649902344,-0.6161026954650879,0.0,-0.20658931136131287,0.0,0.0,-0.10311106592416763,0.9946698546409607,6.0521039962768555,-0.04260456934571266,-0.294470876455307
11.3,11300000,105.43330383300781,-0.7653614282608032,0.0,-0.23603640496730804,0.0,0.0,-0.11774443089962006,0.9930439591407776,5.9647016525268555,-0.04460499435663223,-0.3000909686088562
11.4,11400000,106.00643920898438,-0.9305669665336609,0.0,-0.2660455107688904,0.0,0.0,-0.13263079524040222,0.9911655187606812,5.8803629875183105,-0.046572331339120865,-0.3053224980831146
11.5,11500000,106.56597137451172,-1.1114178895950317,0.0,-0.2965777516365051,0.0,0.0,-0.1477460116147995,0.989025354385376,5.798306941986084,-0.04852757602930069,-0.3102591037750244
11.600000000000001,11600000,107.11161804199219,-1.3075721263885498,0.0,-0.32760366797447205,0.0,0.0,-0.16307032108306885,0.986614465713501,5.717963218688965,-0.05048738047480583,-0.31498241424560547
11.700000000000001,11700000,107.64302825927734,-1.5186489820480347,0.0,-0.35910192131996155,0.0,0.0,-0.17858776450157166,0.9839239716529846,5.638845920562744,-0.05246591195464134,-0.3195549547672272
11.8,11800000,108.15982818603516,-1.7442291975021362,0.0,-0.39105743169784546,0.0,0.0,-0.19428519904613495,0.9809451103210449,5.560543537139893,-0.054476168006658554,-0.3240235447883606
11.9,11900000,108.6615982055664,-1.9838550090789795,0.0,-0.4234597980976105,0.0,0.0,-0.21015147864818573,0.977668821811676,5.482720851898193,-0.056530240923166275,-0.3284263014793396
12.0,12000000,109.14791870117188,-2.2370307445526123,0.0,-0.4563024342060089,0.0,0.0,-0.22617703676223755,0.9740862250328064,5.4050984382629395,-0.0586395189166069,-0.33279550075531006
12.100000000000001,12100000,109.61833953857422,-2.503223419189453,0.0,-0.48958197236061096,0.0,0.0,-0.24235354363918304,0.9701880216598511,5.327435493469238,-0.06081502139568329,-0.3371585011482239
12.200000000000001,12200000,110.07240295410156,-2.7818620204925537,0.0,-0.5232978463172913,0.0,0.0,-0.25867369771003723,0.9659647345542908,5.249523162841797,-0.06306774914264679,-0.3415384590625763
12.3,12300000,110.5096664428711,-3.0723378658294678,0.0,-0.5574516654014587,0.0,0.0,-0.27513086795806885,0.9614067673683167,5.171178340911865,-0.06540881842374802,-0.34595611691474915
12.4,12400000,110.92967987060547,-3.3740041255950928,0.0,-0.5920472741127014,0.0,0.0,-0.29171910881996155,0.9565040469169617,5.092238903045654,-0.06784966588020325,-0.3504299521446228
12.5,12500000,111.33199310302734,-3.686176300048828,0.0,-0.6270902752876282,0.0,0.0,-0.3084328770637512,0.9512460827827454,5.0125579833984375,-0.07040227949619293,-0.3549768030643463
12.600000000000001,12600000,111.7161865234375,-4.008131980895996,0.0,-0.6625879406929016,0.0,0.0,-0.32526689767837524,0.9456222653388977,4.932002544403076,-0.07307933270931244,-0.3596123456954956
12.700000000000001,12700000,112.08184051513672,-4.339109897613525,0.0,-0.6985491514205933,0.0,0.0,-0.34221628308296204,0.9396212100982666,4.850449085235596,-0.07589438557624817,-0.3643515110015869
12.8,12800000,112.42855834960938,-4.678310871124268,0.0,-0.734984278678894,0.0,0.0,-0.35927614569664,0.9332312941551208,4.767781734466553,-0.07886214554309845,-0.3692082166671753
12.9,12900000,112.75596618652344,-5.02489709854126,0.0,-0.7719051241874695,0.0,0.0,-0.3764418065547943,0.9264402389526367,4.683891773223877,-0.08199861645698547,-0.3741963505744934
13.0,13000000,113.063720703125,-5.377992630004883,0.0,-0.8093247413635254,0.0,0.0,-0.39370840787887573,0.919235348701477,4.5986738204956055,-0.08532138168811798,-0.37932929396629333
13.100000000000001,13100000,113.35150146484375,-5.736683368682861,0.0,-0.847257673740387,0.0,0.0,-0.41107121109962463,0.9116032123565674,4.512026786804199,-0.08884985744953156,-0.3846205472946167
13.200000000000001,13200000,113.61903381347656,-6.100017070770264,0.0,-0.8857197165489197,0.0,0.0,-0.4285251796245575,0.9035298228263855,4.4238505363464355,-0.09260569512844086,-0.3900831639766693
13.3,13300000,113.8660659790039,-6.467003345489502,0.0,-0.9247280359268188,0.0,0.0,-0.44606515765190125,0.8950005173683167,4.334046840667725,-0.09661301970481873,-0.3957308530807495
13.4,13400000,114.09239959716797,-6.836614608764648,0.0,-0.9643011093139648,0.0,0.0,-0.46368563175201416,0.8859997987747192,4.242516994476318,-0.10089905560016632,-0.4000000059604645
13.5,13500000,114.2978744506836,-7.207786560058594,0.0,-1.0043010711669922,0.0,0.0,-0.48131170868873596,0.8765495419502258,4.149162292480469,-0.10517002642154694,-0.4000000059604645
13.600000000000001,13600000,114.4825668334961,-7.579329013824463,0.0,-1.0443010330200195,0.0,0.0,-0.49874523282051086,0.8667486310005188,4.053882598876953,-0.10877273976802826,-0.4000000059604645
13.700000000000001,13700000,114.64702606201172,-7.949860095977783,0.0,-1.0843009948730469,0.0,0.0,-0.5159792900085449,0.8566010594367981,3.955413818359375,-0.11261001974344254,-0.4000000059604645
13.8,13800000,114.79148864746094,-8.318075180053711,0.0,-1.1243009567260742,0.0,0.0,-0.5330069661140442,0.8461108207702637,3.850773572921753,-0.11673582345247269,-0.4000000059604645
13.9,13900000,114.91618347167969,-8.682404518127441,0.0,-1.1643009185791016,0.0,0.0,-0.5498214364051819,0.8352822065353394,3.7403194904327393,-0.11999999731779099,-0.4000000059604645
14.0,14000000,115.02188110351562,-9.041191101074219,0.0,-1.204300880432129,0.0,0.0,-0.5664160251617432,0.8241194486618042,3.624293804168701,-0.11999999731779099,-0.4000000059604645
14.100000000000001,14100000,115.11031341552734,-9.39266586303711,0.0,-1.2443008422851562,0.0,0.0,-0.5827839970588684,0.8126271367073059,3.624293804168701,-0.11999999731779099,-0.4000000059604645
14.200000000000001,14200000,115.18462371826172,-9.747395515441895,0.0,-1.2843008041381836,0.0,0.0,-0.5989189147949219,0.8008096814155579,3.624293804168701,-0.11999999731779099,-0.4000000059604645
14.3,14300000,115.24468994140625,-10.104812622070312,0.0,-1.324300765991211,0.0,0.0,-0.6148142218589783,0.7886719703674316,3.624293804168701,-0.11999999731779099,-0.4000000059604645
14.4,14400000,115.29041290283203,-10.464345932006836,0.0,-1.3643007278442383,0.0,0.0,-0.6304636597633362,0.7762187719345093,3.6309900283813477,-0.11999999731779099,-0.4000000059604645
14.5,14500000,115.32177734375,-10.826087951660156,0.0,-1.4043006896972656,0.0,0.0,-0.6458608508110046,0.7634551525115967,3.6665899753570557,-0.11999999731779099,-0.4000000059604645
14.600000000000001,14600000,115.33882141113281,-11.192350387573242,0.0,-1.444300651550293,0.0,0.0,-0.6609997749328613,0.750386118888855,3.7021899223327637,-0.11999999731779099,-0.4000000059604645
14.700000000000001,14700000,115.34122467041016,-11.562561988830566,0.0,-1.4843006134033203,0.0,0.0,-0.6758742928504944,0.7370169162750244,3.7656805515289307,-0.11999999731779099,-0.4000000059604645
14.8,14800000,115.32861328125,-11.938919067382812,0.0,-1.5243005752563477,0.0,0.0,-0.6904784440994263,0.7233529686927795,3.8526880741119385,-0.11999999731779099,-0.4000000059604645
14.9,14900000,115.30032348632812,-12.323147773742676,0.0,-1.564300537109375,0.0,0.0,-0.7048064470291138,0.7093996405601501,3.963212490081787,-0.11999999731779099,-0.4000000059604645
15.0,15000000,115.25543212890625,-12.7169189453125,0.0,-1.6043004989624023,0.0,0.0,-0.7188525199890137,0.6951625943183899,4.064129829406738,-0.11565126478672028,-0.4000000059604645
15.100000000000001,15100000,115.19503784179688,-13.118819236755371,0.0,-1.6443004608154297,0.0,0.0,-0.7326110601425171,0.6806474924087524,4.180784702301025,-0.11167862266302109,-0.4000000059604645
15.200000000000001,15200000,115.11805725097656,-13.529749870300293,0.0,-1.684300422668457,0.0,0.0,-0.7460765838623047,0.665860116481781,4.296383857727051,-0.10721956938505173,-0.4000000059604645
15.3,15300000,115.02399444580078,-13.948965072631836,0.0,-1.7243003845214844,0.0,0.0,-0.7592436671257019,0.6508064270019531,4.406233787536621,-0.10302188992500305,-0.4000000059604645
15.4,15400000,114.91220092773438,-14.37516975402832,0.0,-1.7643003463745117,0.0,0.0,-0.7721070647239685,0.6354924440383911,4.508840560913086,-0.09917708486318588,-0.4000000059604645
15.5,15500000,114.78211212158203,-14.806879043579102,0.0,-1.804300308227539,0.0,0.0,-0.7846616506576538,0.6199242472648621,4.603498935699463,-0.09569762647151947,-0.4000000059604645
15.600000000000001,15600000,114.63328552246094,-15.242508888244629,0.0,-1.8443002700805664,0.0,0.0,-0.7969023585319519,0.6041080951690674,4.689700126647949,-0.0925745964050293,-0.4000000059604645
15.700000000000001,15700000,114.46541595458984,-15.680403709411621,0.0,-1.8843002319335938,0.0,0.0,-0.808824360370636,0.5880503058433533,4.766946315765381,-0.08979654312133789,-0.4000000059604645
15.8,15800000,114.27833557128906,-16.118852615356445,0.0,-1.924300193786621,0.0,0.0,-0.8204228281974792,0.5717573165893555,4.834672927856445,-0.08735493570566177,-0.4000000059604645
15.9,15900000,114.07202911376953,-16.556093215942383,0.0,-1.9643001556396484,0.0,0.0,-0.8316931128501892,0.5552356243133545,4.8921637535095215,-0.08524615317583084,-0.4000000059604645
16.0,16000000,113.84666442871094,-16.990306854248047,0.0,-2.004300117492676,0.0,0.0,-0.8426307439804077,0.5384918451309204,4.938385009765625,-0.0834735557436943,-0.4000000059604645
16.1,16100000,113.60258483886719,-17.41960906982422,0.0,-2.044300079345703,0.0,0.0,-0.8532313108444214,0.5215326547622681,4.971489906311035,-0.0820518508553505,-0.4000000059604645
16.2,16200000,113.34037780761719,-17.841991424560547,0.0,-2.0843000411987305,0.0,0.0,-0.863490641117096,0.5043649077415466,4.985674858093262,-0.08102024346590042,-0.4000000059604645
16.3,16300000,113.06112670898438,-18.25501251220703,0.0,-2.124300003051758,0.0,0.0,-0.8734045624732971,0.4869953691959381,4.985674858093262,-0.08037298917770386,-0.4000000059604645
16.400000000000002,16400000,112.76583862304688,-18.656726837158203,0.0,-2.164299964904785,0.0,0.0,-0.882969081401825,0.4694311022758484,4.985674858093262,-0.0797257348895073,-0.4000000059604645
16.5,16500000,112.45497131347656,-19.046512603759766,0.0,-2.2042999267578125,0.0,0.0,-0.8921805024147034,0.4516790211200714,4.985674858093262,-0.07907848060131073,-0.4000000059604645
16.6,16600000,112.12901306152344,-19.42376708984375,0.0,-2.24429988861084,0.0,0.0,-0.9010350704193115,0.4337462782859802,4.985674858093262,-0.07843122631311417,-0.4000000059604645
16.7,16700000,111.78846740722656,-19.787904739379883,0.0,-2.284299850463867,0.0,0.0,-0.9095292091369629,0.41564005613327026,4.985674858093262,-0.0777839720249176,-0.4000000059604645
16.8,16800000,111.43385314941406,-20.138362884521484,0.0,-2.3242998123168945,0.0,0.0,-0.9176595211029053,0.39736756682395935,4.985674858093262,-0.07713671773672104,-0.4000000059604645
16.900000000000002,16900000,111.06572723388672,-20.474597930908203,0.0,-2.364299774169922,0.0,0.0,-0.9254227876663208,0.37893617153167725,4.985674858093262,-0.07648946344852448,-0.4000000059604645
17.0,17000000,110.68466186523438,-20.796091079711914,0.0,-2.404299736022949,0.0,0.0,-0.9328159689903259,0.36035317182540894,4.985674858093262,-0.07584220916032791,-0.4000000059604645
17.1,17100000,110.29124450683594,-21.10234260559082,0.0,-2.4442996978759766,0.0,0.0,-0.9398359656333923,0.34162604808807373,4.985674858093262,-0.07519495487213135,-0.4000000059604645
17.2,17200000,109.88607788085938,-21.392879486083984,0.0,-2.484299659729004,0.0,0.0,-0.9464800953865051,0.32276228070259094,4.985674858093262,-0.03131832554936409,-0.2313498854637146
17.3,17300000,109.48204040527344,-21.68498420715332,0.0,-2.507434606552124,0.0,0.0,-0.950150191783905,0.3117925524711609,4.985674858093262,-0.004581296816468239,-0.06377099454402924
17.400000000000002,17400000,109.07906341552734,-21.97854232788086,0.0,-2.5138115882873535,0.0,0.0,-0.951139509677887,0.3087614178657532,4.985674858093262,0.013319343328475952,0.06892529129981995
17.5,17500000,108.67948913574219,-22.276723861694336,0.0,-2.5069191455841064,0.0,0.0,-0.9500698447227478,0.3120374083518982,5.144389629364014,0.0317082405090332,0.136020690202713
17.6,17600000,108.27510833740234,-22.594722747802734,0.0,-2.493317127227783,0.0,0.0,-0.9479256868362427,0.3184915781021118,5.337996482849121,0.040553007274866104,0.21322482824325562
17.7,17700000,107.86302185058594,-22.934022903442383,0.0,-2.471994638442993,0.0,0.0,-0.9444763660430908,0.3285793662071228,5.531163692474365,0.04757660999894142,0.2561558187007904
17.8,17800000,107.44615936279297,-23.297563552856445,0.0,-2.4463789463043213,0.0,0.0,-0.9401906132698059,0.3406487703323364,5.714461326599121,0.05012740194797516,0.2948007583618164
17.900000000000002,17900000,107.02622985839844,-23.685131072998047,0.0,-2.4168989658355713,0.0,0.0,-0.9350675344467163,0.3544696867465973,5.874272346496582,0.05105023458600044,0.31628483533859253
18.0,18000000,106.60686492919922,-24.09647560119629,0.0,-2.385270595550537,0.0,0.0,-0.9293451905250549,0.3692120611667633,6.009993076324463,0.050425492227077484,0.3297465443611145
18.1,18100000,106.1910629272461,-24.53042221069336,0.0,-2.3522958755493164,0.0,0.0,-0.9231318235397339,0.3844836354255676,6.110565185546875,0.04914422333240509,0.3352199196815491
18.2,18200000,105.7824935913086,-24.984804153442383,0.0,-2.3187739849090576,0.0,0.0,-0.9165581464767456,0.39990147948265076,6.173612117767334,0.04769953340291977,0.3354012072086334
18.3,18300000,105.3846435546875,-25.456876754760742,0.0,-2.285233974456787,0.0,0.0,-0.9097232222557068,0.4152151942253113,6.173612117767334,0.04593983292579651,0.3354012072086334
18.400000000000002,18400000,105.00199890136719,-25.94135284423828,0.0,-2.2516939640045166,0.0,0.0,-0.902632474899292,0.4304121732711792,6.173612117767334,0.04418013244867325,0.3354012072086334
18.5,18500000,104.63494110107422,-26.437744140625,0.0,-2.218153953552246,0.0,0.0,-0.8952878713607788,0.4454880952835083,6.173612117767334,0.04242043197154999,0.3354012072086334
18.6,18600000,104.28384399414062,-26.945547103881836,0.0,-2.1846139430999756,0.0,0.0,-0.8876914978027344,0.46043872833251953,6.173612117767334,0.04066073149442673,0.3354012072086334
18.7,18700000,103.94905853271484,-27.464250564575195,0.0,-2.151073932647705,0.0,0.0,-0.8798454403877258,0.4752598702907562,6.173612117767334,0.03890103101730347,0.3354012072086334
18.8,18800000,103.63092041015625,-27.993330001831055,0.0,-2.1175339221954346,0.0,0.0,-0.8717520236968994,0.4899473488330841,6.173612117767334,0.037141330540180206,0.3354012072086334
18.900000000000002,18900000,103.32975769042969,-28.532249450683594,0.0,-2.083993911743164,0.0,0.0,-0.863413393497467,0.5044970512390137,6.173612117767334,0.035381630063056946,0.3354012072086334
19.0,19000000,103.04586791992188,-29.080467224121094,0.0,-2.0504539012908936,0.0,0.0,-0.8548319935798645,0.5189048647880554,6.173612117767334,0.033621929585933685,0.3354012072086334
19.1,19100000,102.779541015625,-29.637428283691406,0.0,-2.016913890838623,0.0,0.0,-0.846010148525238,0.533166766166687,6.173612117767334,0.031862229108810425,0.3354012072086334
19.200000000000003,19200000,102.53105163574219,-30.20256996154785,0.0,-1.983373761177063,0.0,0.0,-0.8369503617286682,0.5472787618637085,6.173612117767334,0.030102530494332314,0.3354012072086334
19.3,19300000,102.30064392089844,-30.77532386779785,0.0,-1.949833631515503,0.0,0.0,-0.8276551961898804,0.5612369179725647,6.173612117767334,0.028342831879854202,0.3354012072086334
19.400000000000002,19400000,102.08854675292969,-31.3551082611084,0.0,-1.9162935018539429,0.0,0.0,-0.8181272745132446,0.5750371813774109,6.173612117767334,0.02658313326537609,0.3354012072086334
19.5,19500000,101.89498138427734,-31.94133949279785,0.0,-1.8827533721923828,0.0,0.0,-0.8083692789077759,0.5886756777763367,6.173612117767334,0.02482343465089798,0.3354012072086334
19.6,19600000,101.72013854980469,-32.533424377441406,0.0,-1.8492132425308228,0.0,0.0,-0.7983839511871338,0.602148711681366,6.173612117767334,0.02306373603641987,0.3354012072086334
19.700000000000003,19700000,101.56420135498047,-33.130767822265625,0.0,-1.8156731128692627,0.0,0.0,-0.7881740927696228,0.6154523491859436,6.173612117767334,0.021304037421941757,0.3354012072086334
19.8,19800000,101.42732238769531,-33.732765197753906,0.0,-1.7821329832077026,0.0,0.0,-0.7777425646781921,0.6285828948020935,6.173612117767334,0.019544338807463646,0.3354012072086334
19.900000000000002,19900000,101.30963897705078,-34.33880615234375,0.0,-1.7485928535461426,0.0,0.0,-0.7670923471450806,0.6415367126464844,6.173612117767334,0.017784640192985535,0.3354012072086334
20.0,20000000,101.21127319335938,-34.948280334472656,0.0,-1.7150527238845825,0.0,0.0,-0.7562263607978821,0.6543101072311401,6.173612117767334,0.016024941578507423,0.3354012072086334
20.1,20100000,101.13232421875,-35.56057357788086,0.0,-1.6815125942230225,0.0,0.0,-0.745147705078125,0.6668994426727295,6.173612117767334,0.014265242964029312,0.3354012072086334
20.200000000000003,20200000,101.07286834716797,-36.17506408691406,0.0,-1.6479724645614624,0.0,0.0,-0.7338595390319824,0.6793012619018555,6.173612117767334,0.0125055443495512,0.3354012072086334
20.3,20300000,101.03297424316406,-36.791133880615234,0.0,-1.6144323348999023,0.0,0.0,-0.7223649024963379,0.6915120482444763,6.173612117767334,0.01074584573507309,0.3354012072086334
20.400000000000002,20400000,101.0126724243164,-37.40816116333008,0.0,-1.5808922052383423,0.0,0.0,-0.7106671929359436,0.7035283446311951,6.173612117767334,0.008986147120594978,0.3354012072086334
20.5,20500000,101.0119857788086,-38.02552032470703,0.0,-1.5473520755767822,0.0,0.0,-0.6987695693969727,0.7153468132019043,6.173612117767334,0.00722644804045558,0.3354012072086334
20.6,20600000,101.03091430664062,-38.6425895690918,0.0,-1.5138119459152222,0.0,0.0,-0.686675488948822,0.7269640564918518,6.173612117767334,0.005466748960316181,0.3354012072086334
20.700000000000003,20700000,101.06944274902344,-39.25874710083008,0.0,-1.480271816253662,0.0,0.0,-0.6743882894515991,0.7383769154548645,6.173612117767334,0.0037070498801767826,0.3354012072086334
20.8,20800000,101.12753295898438,-39.87337112426758,0.0,-1.446731686592102,0.0,0.0,-0.6619113683700562,0.749582052230835,6.173612117767334,0.0019473509164527059,0.3354012072086334
20.900000000000002,20900000,101.20512390136719,-40.485836029052734,0.0,-1.413191556930542,0.0,0.0,-0.6492483615875244,0.7605764865875244,6.173612117767334,0.0001876519527286291,0.3354012072086334
21.0,21000000,101.30213165283203,-41.09552764892578,0.0,-1.379651427268982,0.0,0.0,-0.6364027261734009,0.7713569402694702,6.173612117767334,-0.0015720470109954476,0.3354012072086334
21.1,21100000,101.41846466064453,-41.70182800292969,0.0,-1.3461112976074219,0.0,0.0,-0.6233781576156616,0.7819204926490784,6.173612117767334,-0.0033317459747195244,0.3354012072086334
21.200000000000003,21200000,101.55400848388672,-42.30412673950195,0.0,-1.3125711679458618,0.0,0.0,-0.6101782917976379,0.7922641634941101,6.173612117767334,-0.005091445054858923,0.3354012072086334
21.3,21300000,101.7086181640625,-42.90181350708008,0.0,-1.2790310382843018,0.0,0.0,-0.5968067646026611,0.8023849725723267,6.173612117767334,-0.0068511441349983215,0.3354012072086334
21.400000000000002,21400000,101.88214111328125,-43.494285583496094,0.0,-1.2454909086227417,0.0,0.0,-0.5832674503326416,0.8122801780700684,6.173612117767334,-0.008610842749476433,0.3354012072086334
21.5,21500000,102.07440185546875,-44.0809440612793,0.0,-1.2119507789611816,0.0,0.0,-0.5695640444755554,0.821946918964386,6.173612117767334,-0.010370541363954544,0.3354012072086334
21.6,21600000,102.28520965576172,-44.661197662353516,0.0,-1.1784106492996216,0.0,0.0,-0.5557005405426025,0.8313825726509094,6.173612117767334,-0.012130239978432655,0.3354012072086334
21.700000000000003,21700000,102.51435089111328,-45.234458923339844,0.0,-1.1448705196380615,0.0,0.0,-0.5416806936264038,0.8405843377113342,6.173612117767334,-0.013889938592910767,0.3354012072086334
21.8,21800000,102.76158905029297,-45.80015182495117,0.0,-1.1113303899765015,0.0,0.0,-0.527508556842804,0.8495497107505798,6.173612117767334,-0.015649637207388878,0.3354012072086334
21.900000000000002,21900000,103.02667999267578,-46.357704162597656,0.0,-1.0777902603149414,0.0,0.0,-0.5131880044937134,0.8582761883735657,6.173612117767334,-0.01740933582186699,0.3354012072086334
22.0,22000000,103.3093490600586,-46.906551361083984,0.0,-1.0442501306533813,0.0,0.0,-0.49872317910194397,0.866761326789856,6.173612117767334,-0.0191690344363451,0.3354012072086334
22.1,22100000,103.60931396484375,-47.44614028930664,0.0,-1.0107100009918213,0.0,0.0,-0.48411810398101807,0.8750026822090149,6.173612117767334,-0.02092873305082321,0.3354012072086334
22.200000000000003,22200000,103.92627716064453,-47.975921630859375,0.0,-0.9771698713302612,0.0,0.0,-0.4693768620491028,0.8829979300498962,6.173612117767334,-0.022688431665301323,0.3354012072086334
22.3,22300000,104.2599105834961,-48.495365142822266,0.0,-0.9436297416687012,0.0,0.0,-0.4545036256313324,0.8907448649406433,6.173612117767334,-0.024448130279779434,0.3354012072086334
22.400000000000002,22400000,104.6098861694336,-49.003944396972656,0.0,-0.9100896120071411,0.0,0.0,-0.4395025670528412,0.8982413411140442,6.173612117767334,-0.026207828894257545,0.3354012072086334
22.5,22500000,104.97584533691406,-49.50114822387695,0.0,-0.876549482345581,0.0,0.0,-0.4243778884410858,0.9054851531982422,6.173612117767334,-0.027967527508735657,0.3354012072086334
22.6,22600000,105.35741424560547,-49.986473083496094,0.0,-0.843009352684021,0.0,0.0,-0.4091338813304901,0.9124743342399597,6.173612117767334,-0.029727226123213768,0.3354012072086334
22.700000000000003,22700000,105.75421142578125,-50.45942687988281,0.0,-0.8094692230224609,0.0,0.0,-0.3937748372554779,0.9192069172859192,6.173612117767334,-0.03148692473769188,0.3354012072086334
22.8,22800000,106.16584014892578,-50.919532775878906,0.0,-0.7759290933609009,0.0,0.0,-0.37830501794815063,0.9256809949874878,6.173612117767334,-0.03324662521481514,0.3354012072086334
22.900000000000002,22900000,106.59188079833984,-51.366329193115234,0.0,-0.7423889636993408,0.0,0.0,-0.3627288341522217,0.9318947196006775,6.173612117767334,-0.0350063256919384,0.3354012072086334
23.0,23000000,107.03189849853516,-51.79936218261719,0.0,-0.7088488340377808,0.0,0.0,-0.34705060720443726,0.9378464221954346,6.173612117767334,-0.03676602616906166,0.3354012072086334
23.1,23100000,107.48545837402344,-52.21819305419922,0.0,-0.6753087043762207,0.0,0.0,-0.3312748074531555,0.9435343146324158,6.173612117767334,-0.07348418980836868,0.16652227938175201
23.200000000000003,23200000,107.93768310546875,-52.638465881347656,0.0,-0.6586564779281616,0.0,0.0,-0.32340744137763977,0.9462597966194153,6.173612117767334,-0.09331446141004562,-0.0023566484451293945
23.3,23300000,108.3885726928711,-53.06017303466797,0.0,-0.6588921546936035,0.0,0.0,-0.32351893186569214,0.9462217092514038,6.173612117767334,-0.09625683724880219,-0.1712355762720108
23.400000000000002,23400000,108.83811950683594,-53.48331069946289,0.0,-0.6760157346725464,0.0,0.0,-0.3316083252429962,0.9434171319007874,6.34072208404541,-0.08231132477521896,-0.3401145040988922
23.5,23500000,109.29844665527344,-53.919368743896484,0.0,-0.7100271582603455,0.0,0.0,-0.34760308265686035,0.9376417398452759,6.536916732788086,-0.05540003627538681,-0.4000000059604645
23.6,23600000,109.76981353759766,-54.372276306152344,0.0,-0.7500271797180176,0.0,0.0,-0.36628517508506775,0.9305026531219482,6.7022013664245605,-0.045414187014102936,-0.4000000059604645
23.700000000000003,23700000,110.23894500732422,-54.850929260253906,0.0,-0.7900272011756897,0.0,0.0,-0.38482072949409485,0.9229913353919983,6.7022013664245605,-0.03468815237283707,-0.4000000059604645
23.8,23800000,110.6938705444336,-55.343109130859375,0.0,-0.8300272226333618,0.0,0.0,-0.4032023847103119,0.9151108264923096,6.7022013664245605,-0.023962117731571198,-0.4000000059604645
23.900000000000002,23900000,111.13419342041016,-55.848392486572266,0.0,-0.8700272440910339,0.0,0.0,-0.4214227497577667,0.9068642854690552,6.7022013664245605,-0.013236083090305328,-0.4000000059604645
24.0,24000000,111.55953979492188,-56.36634826660156,0.0,-0.910027265548706,0.0,0.0,-0.43947455286979675,0.8982550501823425,6.7022013664245605,-0.0025100484490394592,-0.4000000059604645
24.1,24100000,111.96954345703125,-56.89653015136719,0.0,-0.9500272870063782,0.0,0.0,-0.45735058188438416,0.889286458492279,6.7022013664245605,0.00821598619222641,-0.4000000059604645
24.200000000000003,24200000,112.36385345458984,-57.4384880065918,0.0,-0.9900273084640503,0.0,0.0,-0.4750436544418335,0.8799622058868408,6.7022013664245605,0.01894202083349228,-0.4000000059604645
24.3,24300000,112.74212646484375,-57.99175262451172,0.0,-1.0300272703170776,0.0,0.0,-0.4925467073917389,0.8702859878540039,6.7022013664245605,0.029668055474758148,-0.4000000059604645
24.400000000000002,24400000,113.10404205322266,-58.55585479736328,0.0,-1.070027232170105,0.0,0.0,-0.5098527669906616,0.8602616786956787,6.7022013664245605,0.04039409011602402,-0.4000000059604645
24.5,24500000,113.44929504394531,-59.130306243896484,0.0,-1.1100271940231323,0.0,0.0,-0.5269548296928406,0.8498932719230652,6.7022013664245605,0.051120124757289886,-0.4000000059604645
24.6,24600000,113.777587890625,-59.71461868286133,0.0,-1.1500271558761597,0.0,0.0,-0.5438461899757385,0.8391849398612976,6.7022013664245605,0.061846159398555756,-0.4000000059604645
24.700000000000003,24700000,114.08863830566406,-60.30828857421875,0.0,-1.190027117729187,0.0,0.0,-0.5605199933052063,0.828140914440155,6.7022013664245605,0.07257219403982162,-0.4000000059604645
24.8,24800000,114.3821792602539,-60.91080856323242,0.0,-1.2300270795822144,0.0,0.0,-0.576969563961029,0.8167656660079956,6.7022013664245605,0.0832982286810875,-0.4000000059604645
24.900000000000002,24900000,114.657958984375,-61.521663665771484,0.0,-1.2700270414352417,0.0,0.0,-0.5931884050369263,0.8050636649131775,6.7022013664245605,0.09402426332235336,-0.4000000059604645
25.0,25000000,114.91574096679688,-62.14032745361328,0.0,-1.310027003288269,0.0,0.0,-0.6091699600219727,0.7930396795272827,6.7022013664245605,0.10475029796361923,-0.4000000059604645
25.1,25100000,115.15530395507812,-62.766273498535156,0.0,-1.3500269651412964,0.0,0.0,-0.6249078512191772,0.7806985378265381,6.7022013664245605,0.1154763326048851,-0.4000000059604645
25.200000000000003,25200000,115.3764419555664,-63.39896011352539,0.0,-1.3900269269943237,0.0,0.0,-0.6403957605361938,0.7680450677871704,6.7022013664245605,0.11999999731779099,-0.4000000059604645
25.3,25300000,115.57499694824219,-64.03909301757812,0.0,-1.430026888847351,0.0,0.0,-0.6556275486946106,0.7550843954086304,6.7022013664245605,0.11999999731779099,-0.4000000059604645
25.400000000000002,25400000,115.74779510498047,-64.68665313720703,0.0,-1.4700268507003784,0.0,0.0,-0.6705971360206604,0.7418217062950134,6.7022013664245605,0.11999999731779099,-0.4000000059604645
25.5,25500000,115.89456176757812,-65.34060668945312,0.0,-1.5100268125534058,0.0,0.0,-0.6852984428405762,0.7282623648643494,6.7022013664245605,0.11999999731779099,-0.4000000059604645
25.6,25600000,116.01506042480469,-65.99990844726562,0.0,-1.550026774406433,0.0,0.0,-0.6997256278991699,0.7144116759300232,6.7022013664245605,0.11999999731779099,-0.4000000059604645
25.700000000000003,25700000,116.10909271240234,-66.66349792480469,0.0,-1.5900267362594604,0.0,0.0,-0.7138729691505432,0.700275182723999,6.7022013664245605,0.11999999731779099,-0.4000000059604645
25.8,25800000,116.176513671875,-67.33031463623047,0.0,-1.6300266981124878,0.0,0.0,-0.7277347445487976,0.6858586668968201,6.7022013664245605,0.11999999731779099,-0.4000000059604645
25.900000000000002,25900000,116.21721649169922,-67.99929809570312,0.0,-1.6700266599655151,0.0,0.0,-0.7413054704666138,0.67116779088974,6.7022013664245605,0.11999999731779099,-0.4000000059604645
26.0,26000000,116.23113250732422,-68.66937255859375,0.0,-1.7100266218185425,0.0,0.0,-0.7545796632766724,0.6562084555625916,6.7022013664245605,0.11999999731779099,-0.4000000059604645
26.1,26100000,116.21824645996094,-69.33946990966797,0.0,-1.7500265836715698,0.0,0.0,-0.7675520181655884,0.6409866213798523,6.7022013664245605,0.11999999731779099,-0.4000000059604645
26.200000000000003,26200000,116.17857360839844,-70.00851440429688,0.0,-1.7900265455245972,0.0,0.0,-0.7802174091339111,0.6255084276199341,6.7022013664245605,0.11999999731779099,-0.4000000059604645
26.3,26300000,116.11217498779297,-70.6754379272461,0.0,-1.8300265073776245,0.0,0.0,-0.7925706505775452,0.6097800731658936,6.7022013664245605,0.11999999731779099,-0.4000000059604645
26.400000000000002,26400000,116.0191650390625,-71.33917236328125,0.0,-1.8700264692306519,0.0,0.0,-0.8046069145202637,0.5938077569007874,6.7022013664245605,0.11999999731779099,-0.4000000059604645
26.5,26500000,115.8996810913086,-71.9986572265625,0.0,-1.9100264310836792,0.0,0.0,-0.8163213729858398,0.577597975730896,6.7022013664245605,0.11999999731779099,-0.4000000059604645
26.6,26600000,115.75392150878906,-72.65283203125,0.0,-1.9500263929367065,0.0,0.0,-0.8277093172073364,0.5611571073532104,6.7022013664245605,0.11999999731779099,-0.4000000059604645
26.700000000000003,26700000,115.58212280273438,-73.3006591796875,0.0,-1.9900263547897339,0.0,0.0,-0.8387661576271057,0.5444918274879456,6.7022013664245605,0.11999999731779099,-0.4000000059604645
26.8,26800000,115.38455200195312,-73.94110107421875,0.0,-2.030026435852051,0.0,0.0,-0.8494875431060791,0.5276086926460266,6.7022013664245605,0.11999999731779099,-0.4000000059604645
26.900000000000002,26900000,115.16152954101562,-74.57312774658203,0.0,-2.070026397705078,0.0,0.0,-0.859869122505188,0.5105145573616028,6.7022013664245605,0.11999999731779099,-0.4000000059604645
27.0,27000000,114.91341400146484,-75.19573211669922,0.0,-2.1100263595581055,0.0,0.0,-0.8699067234992981,0.49321624636650085,6.7022013664245605,0.11999999731779099,-0.4000000059604645
27.1,27100000,114.64059448242188,-75.80791473388672,0.0,-2.150026321411133,0.0,0.0,-0.8795964121818542,0.47572067379951477,6.7022013664245605,0.11999999731779099,-0.4000000059604645
27.200000000000003,27200000,114.34351348876953,-76.40869903564453,0.0,-2.19002628326416,0.0,0.0,-0.8889342546463013,0.45803481340408325,6.7022013664245605,0.11999999731779099,-0.4000000059604645
27.3,27300000,114.02264404296875,-76.99711608886719,0.0,-2.2300262451171875,0.0,0.0,-0.8979165554046631,0.4401656985282898,6.7022013664245605,0.11999999731779099,-0.4000000059604645
27.400000000000002,27400000,113.67850494384766,-77.57223510742188,0.0,-2.270026206970215,0.0,0.0,-0.9065396785736084,0.4221205711364746,6.7022013664245605,0.11999999731779099,-0.4000000059604645
27.5,27500000,113.31163787841797,-78.13313293457031,0.0,-2.310026168823242,0.0,0.0,-0.914800226688385,0.40390658378601074,6.7022013664245605,0.11999999731779099,-0.4000000059604645
27.6,27600000,112.92263793945312,-78.67890930175781,0.0,-2.3500261306762695,0.0,0.0,-0.9226948618888855,0.3855310380458832,6.7022013664245605,0.11999999731779099,-0.4000000059604645
27.700000000000003,27700000,112.51212310791016,-79.20869445800781,0.0,-2.390026092529297,0.0,0.0,-0.9302204251289368,0.3670012652873993,6.7022013664245605,0.11999999731779099,-0.4000000059604645
27.8,27800000,112.08074951171875,-79.72164154052734,0.0,-2.430026054382324,0.0,0.0,-0.9373739361763,0.348324716091156,6.7022013664245605,0.11999999731779099,-0.4000000059604645
27.900000000000002,27900000,111.62921142578125,-80.21692657470703,0.0,-2.4700260162353516,0.0,0.0,-0.9441524744033813,0.32950887084007263,6.7022013664245605,0.11999999731779099,-0.4000000059604645
28.0,28000000,111.1582260131836,-80.69375610351562,0.0,-2.510025978088379,0.0,0.0,-0.9505534172058105,0.3105611801147461,6.7022013664245605,0.11999999731779099,-0.4000000059604645
28.1,28100000,110.66854858398438,-81.15137481689453,0.0,-2.5500259399414062,0.0,0.0,-0.9565740823745728,0.29148930311203003,6.7022013664245605,0.11999999731779099,-0.4000000059604645
28.200000000000003,28200000,110.16096496582031,-81.58904266357422,0.0,-2.5900259017944336,0.0,0.0,-0.9622121453285217,0.2723008096218109,6.7022013664245605,0.11999999731779099,-0.4000000059604645
28.3,28300000,109.63628387451172,-82.00606536865234,0.0,-2.630025863647461,0.0,0.0,-0.9674654006958008,0.25300341844558716,6.7022013664245605,0.11999999731779099,-0.4000000059604645
28.400000000000002,28400000,109.09534454345703,-82.40177154541016,0.0,-2.6700258255004883,0.0,0.0,-0.9723316431045532,0.2336047887802124,6.7022013664245605,0.11999999731779099,-0.4000000059604645
28.5,28500000,108.53901672363281,-82.77552795410156,0.0,-2.7100257873535156,0.0,0.0,-0.9768089652061462,0.2141127586364746,6.7022013664245605,0.11999999731779099,-0.4000000059604645
28.6,28600000,107.96818542480469,-83.12673950195312,0.0,-2.750025749206543,0.0,0.0,-0.9808955788612366,0.19453507661819458,6.7022013664245605,0.11999999731779099,-0.23112107813358307
28.700000000000003,28700000,107.3837661743164,-83.45484161376953,0.0,-2.7731378078460693,0.0,0.0,-0.9830780625343323,0.1831870824098587,6.7022013664245605,0.11999999731779099,-0.06224215030670166
28.8,28800000,106.79192352294922,-83.76934814453125,0.0,-2.7793619632720947,0.0,0.0,-0.9836434125900269,0.18012678623199463,6.7022013664245605,0.11999999731779099,0.10663677752017975
28.900000000000002,28900000,106.19813537597656,-84.08016967773438,0.0,-2.768698215484619,0.0,0.0,-0.9826689958572388,0.1853688657283783,6.8226165771484375,0.11226371675729752,0.27551570534706116
29.0,29000000,105.5946044921875,-84.3983383178711,0.0,-2.7411465644836426,0.0,0.0,-0.9800222516059875,0.1988879293203354,7.0143303871154785,0.0875878781080246,0.4000000059604645
29.1,29100000,104.97505950927734,-84.72723388671875,0.0,-2.7011466026306152,0.0,0.0,-0.9758487343788147,0.2184472680091858,7.197050094604492,0.0533905103802681,0.4000000059604645
29.200000000000003,29200000,104.34134674072266,-85.0683822631836,0.0,-2.661146640777588,0.0,0.0,-0.9712849259376526,0.23791924118995667,7.253266334533691,0.03860871121287346,0.4000000059604645
29.3,29300000,103.71155548095703,-85.42818450927734,0.0,-2.6211466789245605,0.0,0.0,-0.9663326144218445,0.25729605555534363,7.253266334533691,0.025658592581748962,0.4000000059604645
29.400000000000002,29400000,103.09172821044922,-85.80489349365234,0.0,-2.581146717071533,0.0,0.0,-0.960993766784668,0.2765699326992035,7.253266334533691,0.012708473019301891,0.4000000059604645
29.5,29500000,102.48231506347656,-86.19822692871094,0.0,-2.541146755218506,0.0,0.0,-0.9552705883979797,0.2957332134246826,7.253266334533691,-0.00024164654314517975,0.4000000059604645
29.6,29600000,101.88375854492188,-86.60790252685547,0.0,-2.5011467933654785,0.0,0.0,-0.9491652846336365,0.3147781789302826,7.253266334533691,-0.01319176610559225,0.4000000059604645
29.700000000000003,29700000,101.29650115966797,-87.03361511230469,0.0,-2.461146831512451,0.0,0.0,-0.942680299282074,0.33369725942611694,7.253266334533691,-0.026141885668039322,0.4000000059604645
29.8,29800000,100.72097778320312,-87.47505187988281,0.0,-2.421146869659424,0.0,0.0,-0.9358182549476624,0.3524828553199768,7.253266334533691,-0.03909200429916382,0.4000000059604645
29.900000000000002,29900000,100.15760040283203,-87.93189239501953,0.0,-2.3811469078063965,0.0,0.0,-0.928581953048706,0.3711274564266205,7.253266334533691,-0.052042122930288315,0.4000000059604645
30.0,30000000,99.6067886352539,-88.40380859375,0.0,-2.341146945953369,0.0,0.0,-0.9209741950035095,0.38962361216545105,7.253266334533691,-0.06499224156141281,0.4000000059604645
30.1,30100000,99.06893920898438,-88.89044952392578,0.0,-2.301146984100342,0.0,0.0,-0.9129980206489563,0.40796393156051636,7.253266334533691,-0.0779423639178276,0.4000000059604645
30.200000000000003,30200000,98.54444885253906,-89.3914566040039,0.0,-2.2611470222473145,0.0,0.0,-0.904656708240509,0.42614105343818665,7.253266334533691,-0.0908924862742424,0.4000000059604645
30.3,30300000,98.03369903564453,-89.90646362304688,0.0,-2.221147060394287,0.0,0.0,-0.8959535360336304,0.4441477358341217,7.253266334533691,-0.1038426086306572,0.4000000059604645
30.400000000000002,30400000,97.53706359863281,-90.43509674072266,0.0,-2.1811470985412598,0.0,0.0,-0.8868920207023621,0.4619767665863037,7.253266334533691,-0.11679273098707199,0.4000000059604645
30.5,30500000,97.0549087524414,-90.97697448730469,0.0,-2.1411471366882324,0.0,0.0,-0.8774757385253906,0.4796209931373596,7.253266334533691,-0.11999999731779099,0.4000000059604645
30.6,30600000,96.593017578125,-91.53621673583984,0.0,-2.101147174835205,0.0,0.0,-0.8677085041999817,0.4970734119415283,7.253266334533691,-0.11999999731779099,0.4000000059604645
30.700000000000003,30700000,96.15385437011719,-92.11348724365234,0.0,-2.0611472129821777,0.0,0.0,-0.8575941324234009,0.5143269896507263,7.253266334533691,-0.11999999731779099,0.4000000059604645
30.8,30800000,95.73812866210938,-92.70785522460938,0.0,-2.0211472511291504,0.0,0.0,-0.8471367955207825,0.5313748717308044,7.253266334533691,-0.11999999731779099,0.4000000059604645
30.900000000000002,30900000,95.34650421142578,-93.31837463378906,0.0,-1.981147289276123,0.0,0.0,-0.836340606212616,0.5482102036476135,7.253266334533691,-0.11999999731779099,0.4000000059604645
31.0,31000000,94.97960662841797,-93.94406127929688,0.0,-1.9411473274230957,0.0,0.0,-0.8252098560333252,0.5648261904716492,7.253266334533691,-0.11999999731779099,0.4000000059604645
31.1,31100000,94.63802337646484,-94.58392333984375,0.0,-1.9011473655700684,0.0,0.0,-0.8137490749359131,0.5812163352966309,7.253266334533691,-0.11999999731779099,0.4000000059604645
31.200000000000003,31200000,94.32230377197266,-95.23693084716797,0.0,-1.861147403717041,0.0,0.0,-0.8019627928733826,0.5973739624023438,7.253266334533691,-0.11999999731779099,0.4000000059604645
31.3,31300000,94.03295135498047,-95.90203857421875,0.0,-1.8211474418640137,0.0,0.0,-0.7898557186126709,0.6132926940917969,7.253266334533691,-0.11999999731779099,0.4000000059604645
31.400000000000002,31400000,93.77042388916016,-96.57818603515625,0.0,-1.7811474800109863,0.0,0.0,-0.7774327397346497,0.6289660930633545,7.253266334533691,-0.11999999731779099,0.4000000059604645
31.5,31500000,93.53514862060547,-97.26428985595703,0.0,-1.741147518157959,0.0,0.0,-0.7646988034248352,0.6443879008293152,7.253266334533691,-0.11999999731779099,0.4000000059604645
31.6,31600000,93.32749938964844,-97.95925903320312,0.0,-1.7011475563049316,0.0,0.0,-0.7516589760780334,0.6595519781112671,7.253266334533691,-0.11999999731779099,0.4000000059604645
31.700000000000003,31700000,93.1478042602539,-98.66197204589844,0.0,-1.6611475944519043,0.0,0.0,-0.7383185029029846,0.6744522452354431,7.253266334533691,-0.11999999731779099,0.4000000059604645
31.8,31800000,92.99635314941406,-99.37130737304688,0.0,-1.621147632598877,0.0,0.0,-0.7246826887130737,0.689082682132721,7.253266334533691,-0.11999999731779099,0.4000000059604645
31.900000000000002,31900000,92.8733901977539,-100.08613586425781,0.0,-1.5811476707458496,0.0,0.0,-0.7107570767402649,0.7034375667572021,7.253266334533691,-0.11999999731779099,0.4000000059604645
32.0,32000000,92.77911376953125,-100.80530548095703,0.0,-1.5411477088928223,0.0,0.0,-0.6965470910072327,0.7175110578536987,7.253266334533691,-0.11999999731779099,0.4000000059604645
32.1,32100000,92.71366882324219,-101.52767181396484,0.0,-1.501147747039795,0.0,0.0,-0.682058572769165,0.7312975525856018,7.253266334533691,-0.11999999731779099,0.4000000059604645
32.2,32200000,92.67716217041016,-102.25208282470703,0.0,-1.4611477851867676,0.0,0.0,-0.6672971844673157,0.744791567325592,7.253266334533691,-0.11999999731779099,0.4000000059604645
32.300000000000004,32300000,92.6696548461914,-102.97737121582031,0.0,-1.4211478233337402,0.0,0.0,-0.6522688865661621,0.7579876184463501,7.253266334533691,-0.11999999731779099,0.4000000059604645
32.4,32400000,92.69115447998047,-103.70237731933594,0.0,-1.381147861480713,0.0,0.0,-0.6369796991348267,0.7708805799484253,7.253266334533691,-0.11999999731779099,0.4000000059604645
32.5,32500000,92.74163055419922,-104.42594909667969,0.0,-1.3411478996276855,0.0,0.0,-0.6214357614517212,0.7834651470184326,7.253266334533691,-0.11999999731779099,0.4000000059604645
32.6,32600000,92.82099914550781,-105.14691925048828,0.0,-1.3011479377746582,0.0,0.0,-0.6056432127952576,0.7957363128662109,7.253266334533691,-0.11999999731779099,0.4000000059604645
32.7,32700000,92.92913818359375,-105.8641357421875,0.0,-1.2611479759216309,0.0,0.0,-0.5896084308624268,0.8076891899108887,7.253266334533691,-0.11999999731779099,0.4000000059604645
32.800000000000004,32800000,93.06587219238281,-106.57645416259766,0.0,-1.2211480140686035,0.0,0.0,-0.5733378529548645,0.8193190693855286,7.253266334533691,-0.11999999731779099,0.4000000059604645
